Workbook

Sheet REGLAS - PUNTOS
C2: Ptos | D2: Qty | E2: Max | F2: Max | H2: Penalidades
A3: Fase de Grupos | B3: Ganador | C3: 1 | D3: 72 | E3: =+D3*C3 -> 72 | F3: =+SUM(E3:E5) -> 176 | H3: Revelación se queda en grupos | I3: -20
B4: Resultado exacto | C4: 1 | D4: 72 | E4: =+D4*C4 -> 72 | H4: Campeón no llega a 4tos | I4: -20
B5: 16vos | C5: 1 | D5: 32 | E5: =+D5*C5 -> 32 | H5: Peor pasa grupos | I5: -10
A6: Fase Playoffs | B6: 8vos | C6: 3 | D6: 16 | E6: =+D6*C6 -> 48 | F6: =+SUM(E6:E11) -> 191 | H6: Decepción llega a Semis | I6: -20
B7: 4tos | C7: 6 | D7: 8 | E7: =+D7*C7 -> 48
B8: semis | C8: 10 | D8: 4 | E8: =+D8*C8 -> 40
B9: Final | C9: 15 | D9: 2 | E9: =+D9*C9 -> 30 | H9: Habrá Jugadores 4 ganadores, con 4 premios
B10: 3ero | C10: 5 | D10: 1 | E10: =+D10*C10 -> 5 | H10: 1er puesto general
B11: Campeón | C11: 20 | D11: 1 | E11: =+D11*C11 -> 20 | H11: 2do puesto general
A12: Puntos Extra | B12: Figura | C12: 12 | D12: 1 | E12: =+D12*C12 -> 12 | F12: =+SUM(E12:E17) -> 64 | H12: 3er puesto general
B13: Goleador | C13: 12 | D13: 1 | E13: =+D13*C13 -> 12 | H13: Mejor en Resultados Grupos
B14: Revelación | C14: 12 | D14: 1 | E14: =+D14*C14 -> 12
B15: Decepción | C15: 12 | D15: 1 | E15: =+D15*C15 -> 12 | H15: El premio del 3er puesto será equivalente al del Mejor en Resultados Grupos
B16: Mejor 1era Fase | C16: 8 | D16: 1 | E16: =+D16*C16 -> 8 | H16: Si el Mejor en Resultados Grupos, sale entre los 3 primeros en la general; entonces el premio de Mejor en Resultados Grupos será adjudicado al siguiente (que no sea de los 3 primeros en la general).
B17: Peor Equipo | C17: 8 | D17: 1 | E17: =+D17*C17 -> 8
E18: =+SUM(E3:E17) -> 431
A20: Revelación y Decepción
A21: Hay 4 clases de equipos, según su historia, importancia, vigencia y Ranking FIFA. Abajo podrán ver en qué clase entra cada equipo.
A23: El PEOR de los equipos CLASE 1, es automáticamente calificado como Decepción. (A su vez, existen 3 equipos clase 1´; si hay "empate" entre un 1´y un 1, el Clase 1 será decepción)
A25: Los equipos clase 2, 3 y 4 podrán ser Revelación.
A26: Un clase 2 solo puede ser revelación si llega a Semis.
A27: Un clase 3 sólo puede ser revelación si llega a 4tos.
A28: Un clase 4 sólo puede ser revelación si pasa de grupos.
A29: El que haya llegado más lejos de los equipos clase 2, 3 o 4; será la Revelación.
A30: En caso que lleguen a misma ronda, se valorará mejor a los equipos de peor clase. Dentro de una misma clase, se desempata por puntos/goles logrados según la tabla general.
A31: El último criterio de desempate para la tabla general (Total Results) será el Ranking FIFA según 1/4/2026 (el de peor ranking queda más alto).
A32: Puede darse que NO HAYA equipo revelación.
A35: Ranking FIFA | B35: País | C35: Clase | D35: Class 1´
A36: {=+_xludf.XLOOKUP(B36,'Ranking FIFA'!B:B,'Ranking FIFA'!A:A,"--",0)} -> #NAME? | B36: Francia | C36: 1 | D36: 1
A37: {=+_xludf.XLOOKUP(B37,'Ranking FIFA'!B:B,'Ranking FIFA'!A:A,"--",0)} -> #NAME? | B37: España | C37: 1 | D37: 1
A38: {=+_xludf.XLOOKUP(B38,'Ranking FIFA'!B:B,'Ranking FIFA'!A:A,"--",0)} -> #NAME? | B38: Argentina | C38: 1 | D38: 1
A39: {=+_xludf.XLOOKUP(B39,'Ranking FIFA'!B:B,'Ranking FIFA'!A:A,"--",0)} -> #NAME? | B39: Inglaterra | C39: 1 | D39: 1
A40: {=+_xludf.XLOOKUP(B40,'Ranking FIFA'!B:B,'Ranking FIFA'!A:A,"--",0)} -> #NAME? | B40: Portugal | C40: 1 | D40: 1
A41: {=+_xludf.XLOOKUP(B41,'Ranking FIFA'!B:B,'Ranking FIFA'!A:A,"--",0)} -> #NAME? | B41: Brasil | C41: 1 | D41: 1
A42: {=+_xludf.XLOOKUP(B42,'Ranking FIFA'!B:B,'Ranking FIFA'!A:A,"--",0)} -> #NAME? | B42: Paises Bajos | C42: 1 | D42: 1
A43: {=+_xludf.XLOOKUP(B43,'Ranking FIFA'!B:B,'Ranking FIFA'!A:A,"--",0)} -> #NAME? | B43: Belgica | C43: 1 | D43: 2
A44: {=+_xludf.XLOOKUP(B44,'Ranking FIFA'!B:B,'Ranking FIFA'!A:A,"--",0)} -> #NAME? | B44: Alemania | C44: 1 | D44: 1
A45: {=+_xludf.XLOOKUP(B45,'Ranking FIFA'!B:B,'Ranking FIFA'!A:A,"--",0)} -> #NAME? | B45: Croacia | C45: 1 | D45: 2
A46: {=+_xludf.XLOOKUP(B46,'Ranking FIFA'!B:B,'Ranking FIFA'!A:A,"--",0)} -> #NAME? | B46: Uruguay | C46: 1 | D46: 2
A47: {=+_xludf.XLOOKUP(B47,'Ranking FIFA'!B:B,'Ranking FIFA'!A:A,"--",0)} -> #NAME? | B47: Marruecos | C47: 2
A48: {=+_xludf.XLOOKUP(B48,'Ranking FIFA'!B:B,'Ranking FIFA'!A:A,"--",0)} -> #NAME? | B48: Colombia | C48: 2
A49: {=+_xludf.XLOOKUP(B49,'Ranking FIFA'!B:B,'Ranking FIFA'!A:A,"--",0)} -> #NAME? | B49: Senegal | C49: 2
A50: {=+_xludf.XLOOKUP(B50,'Ranking FIFA'!B:B,'Ranking FIFA'!A:A,"--",0)} -> #NAME? | B50: Mexico | C50: 2
A51: {=+_xludf.XLOOKUP(B51,'Ranking FIFA'!B:B,'Ranking FIFA'!A:A,"--",0)} -> #NAME? | B51: Estados Unidos | C51: 2
A52: {=+_xludf.XLOOKUP(B52,'Ranking FIFA'!B:B,'Ranking FIFA'!A:A,"--",0)} -> #NAME? | B52: Japon | C52: 2
A53: {=+_xludf.XLOOKUP(B53,'Ranking FIFA'!B:B,'Ranking FIFA'!A:A,"--",0)} -> #NAME? | B53: Suiza | C53: 2
A54: {=+_xludf.XLOOKUP(B54,'Ranking FIFA'!B:B,'Ranking FIFA'!A:A,"--",0)} -> #NAME? | B54: Turquia | C54: 2
A55: {=+_xludf.XLOOKUP(B55,'Ranking FIFA'!B:B,'Ranking FIFA'!A:A,"--",0)} -> #NAME? | B55: Ecuador | C55: 2
A56: {=+_xludf.XLOOKUP(B56,'Ranking FIFA'!B:B,'Ranking FIFA'!A:A,"--",0)} -> #NAME? | B56: Corea del Sur | C56: 2
A57: {=+_xludf.XLOOKUP(B57,'Ranking FIFA'!B:B,'Ranking FIFA'!A:A,"--",0)} -> #NAME? | B57: Noruega | C57: 2
A58: {=+_xludf.XLOOKUP(B58,'Ranking FIFA'!B:B,'Ranking FIFA'!A:A,"--",0)} -> #NAME? | B58: Suecia | C58: 2
... A83: {=+_xludf.XLOOKUP(B83,'Ranking FIFA'!B:B,'Ranking FIFA'!A:A,"--",0)} -> #NAME? | B83: Nueva Zelanda | C83: 4

Sheet Groups Stage
BF1: =+IF(BA3>1,AZ3,IF(BA4>1,AZ4,IF(BA5>1,AZ5,IF(BA6>1,AZ6,"-")))) -> - | BW1: 10 | BZ1: =+IF(BC3>1,BB3,IF(BC4>1,BB4,IF(BC5>1,BB5,IF(BC6>1,BB6,"-")))) -> - | CQ1: 10 | CS1: TOTAL | CV1: TERCEROS | CW1: Clasificó? | CX1: Elección
A2: Partido | B2: Fecha | C2: Sede | E2: Grupo A | J2: G | K2: E | L2: E | M2: P | O2: =+E2 -> Grupo A | P2: G | Q2: E | R2: P | S2: Dif | T2: G+ | U2: G- | V2: Ptos | Y2: Grupo A | AA2: J | AB2: G | AC2: E | AD2: P | AE2: Dif | AF2: G+ | AG2: G- | AH2: Ptos | AL2: Ptos | AM2: check | AY2: Empate 1 | AZ2: Ptos | BA2: Empate? | BL2: J | BM2: G | BN2: E | BO2: P | BP2: Dif | BQ2: G+ | BR2: G- | BS2: Ptos | BT2: Extra | BV2: Orden | BW2: Extra | CF2: J | CG2: G | CH2: E | CI2: P | CJ2: Dif | CK2: G+ | CL2: G- | CM2: Ptos | CN2: Extra | CP2: Orden | CQ2: Extra | CS2: =+SUMIF(AA:AA,3) -> 144 | CV2: =+'Mejores 3eros'!AP2 -> Repubilca Checa | CW2: =+_xlfn.XLOOKUP(CV2,'Mejores 3eros'!$BD$2:$BD$13,'Mejores 3eros'!$BG$2:$BG$13,"-",0) -> IN | CX2: -
A3: GA1 | B3: 46184 | E3: Mexico | F3: 2 | G3: 0 | H3: Sudafrica | J3: =IF(OR(ISBLANK(F3),ISBLANK(G3)),"",IF(F3>G3,E3,IF(G3>F3,H3,""))) -> Mexico | K3: =IF(OR(ISBLANK(F3),ISBLANK(G3)),"",IF(F3=G3,E3,"")) | L3: =IF(OR(ISBLANK(F3),ISBLANK(G3)),"",IF(F3=G3,H3,"")) | M3: =IF(OR(ISBLANK(F3),ISBLANK(G3)),"",IF(F3<G3,E3,IF(G3<F3,H3,""))) -> Sudafrica | O3: =+E3 -> Mexico | P3: =+COUNTIF(J3:J8,"="&$O3) -> 2 | Q3: =+COUNTIF(K3:L8,"="&$O3) -> 1 | R3: =+COUNTIF(M3:M8,"="&$O3) -> 0 | S3: =+T3-U3 -> 3 | T3: =+SUMIF(E3:E8,$O3,F3:F8)+SUMIF(H3:H8,$O3,G3:G8) -> 5 | U3: =+SUMIF(E3:E8,$O3,G3:G8)+SUMIF(H3:H8,$O3,F3:F8) -> 2 | V3: =+P3*3+Q3*1+BT3+CN3+S3/1000+T3/10000+AV3/1000000+ROW()/10000000 -> 7.0035003 | W3: =+O3 -> Mexico | Y3: =+CONCATENATE("1",RIGHT(E2,1)) -> 1A | Z3: =+VLOOKUP(AL3,V3:W6,2,FALSE) -> Mexico | AA3: =+SUM(AB3:AD3) -> 3 | AB3: =+VLOOKUP($Z3,$O$3:$U$6,COLUMN()-26,FALSE) -> 2 | AC3: =+VLOOKUP($Z3,$O$3:$U$6,COLUMN()-26,FALSE) -> 1 | AD3: =+VLOOKUP($Z3,$O$3:$U$6,COLUMN()-26,FALSE) -> 0 | AE3: =+VLOOKUP($Z3,$O$3:$U$6,COLUMN()-26,FALSE) -> 3 | AF3: =+VLOOKUP($Z3,$O$3:$U$6,COLUMN()-26,FALSE) -> 5 | AG3: =+VLOOKUP($Z3,$O$3:$U$6,COLUMN()-26,FALSE) -> 2 | AH3: =+VLOOKUP($Z3,$O$3:$V$6,COLUMN()-26,FALSE) -> 7.0035003 | AL3: =+LARGE(V3:V6,1) -> 7.0035003 | AM3: =+(AH3-AL3)*100000000000000000000 -> 0 | AP3: =+O3 -> Mexico | AQ3: =+P3*3+Q3*1+BT3+CN3+S3/1000+T3/10000 -> 7.0035 | AR3: =+IF(OR(AQ3=AQ4,AQ3=AQ5,AQ3=AQ6),1) -> FALSE | AS3: =+AV3 -> 0 | AT3: =+IF(AND(AM7="si",OR(AR3=1,AR4=1,AR5=1)),1,0) -> 0 | AU3: =+O3 -> Mexico | AX3: =+Y2 -> Grupo A | AY3: =+O3 -> Mexico | AZ3: =+P3*3+Q3 -> 7 | BA3: =+COUNTIFS($AX$1:AX3,AX3,$AZ$1:AZ3,AZ3) -> 1 | BB3: =+IF(AZ3=BF1,ROW()*0.001,AZ3) -> 7 | BC3: =+COUNTIFS($AX$1:AZ3,AZ3,$AZ$1:BB3,BB3) -> 1 | BE3: =+IF(OR(BF3="-",BI3="-",BF1=0),"-","OK") -> #NAME? | BF3: {=+IF(_xludf.XLOOKUP($E3,$AY:$AY,$AZ:$AZ,"-",0)=BF1,$E3,"-")} -> #NAME? | BG3: =+$F3 -> 2 | BH3: =+$G3 -> 0 | BI3: {=+IF(_xludf.XLOOKUP($H3,$AY:$AY,$AZ:$AZ,"-",0)=BF1,$H3,"-")} -> #NAME? | BK3: =+O3 -> Mexico | BL3: =+COUNTIFS($BE:$BE,"OK",$BI:$BI,BK3)+COUNTIFS($BE:$BE,"OK",$BF:$BF,BK3) -> 0 | BM3: =+COUNTIFS(J:J,$BK3,$BE:$BE,"OK") -> 0 | BN3: =+COUNTIFS(K:K,$BK3,$BE:$BE,"OK")+COUNTIFS(L:L,$BK3,$BE:$BE,"OK") -> 0 | BO3: =+COUNTIFS(M:M,$BK3,$BE:$BE,"OK") -> 0 | BP3: =+BQ3-BR3 -> 0 | BQ3: =+SUMIFS(BG:BG,$BE:$BE,"OK",BF:BF,$BK3)+SUMIFS(BH:BH,$BE:$BE,"OK",BI:BI,$BK3) -> 0 | BR3: =+SUMIFS(BH:BH,$BE:$BE,"OK",BF:BF,$BK3)+SUMIFS(BG:BG,$BE:$BE,"OK",BI:BI,$BK3) -> 0 | BS3: =+BM3*3+BN3*1+BP3/100+BQ3/10000 -> 0 | BT3: {=+IF(BL3=0,0,_xludf.XLOOKUP(BS3,BV3:BV6,BW3:BW6))} -> 0 | BV3: =+LARGE(BS3:BS6,1) -> 0 | BW3: =+BX3/$BW$1 -> 0.3 | BX3: 3 | BY3: =+IF(OR(BZ3="-",CC3="-"),"-","OK") -> #NAME? | BZ3: {=+IF(_xludf.XLOOKUP($E3,$AY:$AY,$AZ:$AZ,"-",0)=BZ1,$E3,"-")} -> #NAME? | CA3: =+$F3 -> 2 | CB3: =+$G3 -> 0 | CC3: {=+IF(_xludf.XLOOKUP($H3,$AY:$AY,$AZ:$AZ,"-",0)=BZ1,$H3,"-")} -> #NAME? | CE3: =+BK3 -> Mexico | CF3: =+COUNTIFS($BY:$BY,"OK",$CC:$CC,CE3)+COUNTIFS($BY:$BY,"OK",$BZ:$BZ,CE3) -> 0 | CG3: =+COUNTIFS(P:P,$BK3,$BY:$BY,"OK") -> 0 | CH3: =+COUNTIFS(K:K,$BK3,$BY:$BY,"OK")+COUNTIFS(L:L,$BK3,$BY:$BY,"OK") -> 0 | CI3: =+COUNTIFS(M:M,$CE3,$BY:$BY,"OK") -> 0 | CJ3: =+CK3-CL3 -> 0 | CK3: =+SUMIFS(CA:CA,$BY:$BY,"OK",BZ:BZ,$BK3)+SUMIFS(CB:CB,$BY:$BY,"OK",CC:CC,$BK3) -> 0 | CL3: =+SUMIFS(CB:CB,$BY:$BY,"OK",BZ:BZ,$BK3)+SUMIFS(CA:CA,$BY:$BY,"OK",CC:CC,$BK3) -> 0 | CM3: =+CG3*3+CH3*1+CJ3/100+CK3/10000 -> 0 | CN3: {=+IF(CF3=0,0,_xludf.XLOOKUP(CM3,CP3:CP6,CQ3:CQ6))} -> 0 | CP3: =+LARGE(CM3:CM6,1) -> 0 | CQ3: =+CR3/$BW$1 -> 0.3 | CR3: 3 | CS3: =12*12 -> 144 | CV3: =+'Mejores 3eros'!AP3 -> Canada | CW3: =+_xlfn.XLOOKUP(CV3,'Mejores 3eros'!$BD$2:$BD$13,'Mejores 3eros'!$BG$2:$BG$13,"-",0) -> OUT | CX3: -
A4: GA2 | B4: 46184 | E4: Corea del Sur | F4: 2 | G4: 1 | H4: Repubilca Checa | J4: =IF(OR(ISBLANK(F4),ISBLANK(G4)),"",IF(F4>G4,E4,IF(G4>F4,H4,""))) -> Corea del Sur | K4: =IF(OR(ISBLANK(F4),ISBLANK(G4)),"",IF(F4=G4,E4,"")) | L4: =IF(OR(ISBLANK(F4),ISBLANK(G4)),"",IF(F4=G4,H4,"")) | M4: =IF(OR(ISBLANK(F4),ISBLANK(G4)),"",IF(F4<G4,E4,IF(G4<F4,H4,""))) -> Repubilca Checa | O4: =+H3 -> Sudafrica | P4: =+COUNTIF(J3:J8,"="&$O4) -> 0 | Q4: =+COUNTIF(K3:L8,"="&$O4) -> 0 | R4: =+COUNTIF(M3:M8,"="&$O4) -> 3 | S4: =+T4-U4 -> -4 | T4: =+SUMIF(E3:E8,$O4,F3:F8)+SUMIF(H3:H8,$O4,G3:G8) -> 0 | U4: =+SUMIF(E3:E8,$O4,G3:G8)+SUMIF(H3:H8,$O4,F3:F8) -> 4 | V4: =+P4*3+Q4*1+BT4+CN4+S4/1000+T4/10000+AV4/1000000+ROW()/10000000 -> -0.0039996 | W4: =+O4 -> Sudafrica | Y4: =+CONCATENATE("2",RIGHT(E2,1)) -> 2A | Z4: =+VLOOKUP(AL4,V3:W6,2,FALSE) -> Corea del Sur | AA4: =+SUM(AB4:AD4) -> 3 | AB4: =+VLOOKUP($Z4,$O$3:$U$6,COLUMN()-26,FALSE) -> 2 | AC4: =+VLOOKUP($Z4,$O$3:$U$6,COLUMN()-26,FALSE) -> 0 | AD4: =+VLOOKUP($Z4,$O$3:$U$6,COLUMN()-26,FALSE) -> 1 | AE4: =+VLOOKUP($Z4,$O$3:$U$6,COLUMN()-26,FALSE) -> 1 | AF4: =+VLOOKUP($Z4,$O$3:$U$6,COLUMN()-26,FALSE) -> 4 | AG4: =+VLOOKUP($Z4,$O$3:$U$6,COLUMN()-26,FALSE) -> 3 | AH4: =+VLOOKUP($Z4,$O$3:$V$6,COLUMN()-26,FALSE) -> 6.0014005 | AL4: =+LARGE(V3:V6,2) -> 6.0014005 | AM4: =+(AH4-AL4)*100000000000000000000 -> 0 | AP4: =+O4 -> Sudafrica | AQ4: =+P4*3+Q4*1+BT4+CN4+S4/1000+T4/10000 -> -0.004 | AR4: =+IF(OR(AQ4=AQ5,AQ4=AQ6),1) -> FALSE | AS4: =+AV4 -> 0 | AT4: =+IF(AND(AM7="si",OR(AR3=1,AR4=1,AR5=1)),1,0) -> 0 | AU4: =+O4 -> Sudafrica | AX4: =+Y2 -> Grupo A | AY4: =+O4 -> Sudafrica | AZ4: =+P4*3+Q4 -> 0 | BA4: =+COUNTIFS($AX$1:AX4,AX4,$AZ$1:AZ4,AZ4) -> 1 | BB4: =+IF(AZ4=BF1,ROW()*0.001,AZ4) -> 0 | BC4: =+COUNTIFS($AX$1:AZ4,AZ4,$AZ$1:BB4,BB4) -> 1 | BE4: =+IF(OR(BF4="-",BI4="-",BF1=0),"-","OK") -> #NAME? | BF4: {=+IF(_xludf.XLOOKUP($E4,$AY:$AY,$AZ:$AZ,"-",0)=BF1,$E4,"-")} -> #NAME? | BG4: =+$F4 -> 2 | BH4: =+$G4 -> 1 | BI4: {=+IF(_xludf.XLOOKUP($H4,$AY:$AY,$AZ:$AZ,"-",0)=BF1,$H4,"-")} -> #NAME? | BK4: =+O4 -> Sudafrica | BL4: =+COUNTIFS($BE:$BE,"OK",$BI:$BI,BK4)+COUNTIFS($BE:$BE,"OK",$BF:$BF,BK4) -> 0 | BM4: =+COUNTIFS(J:J,$BK4,$BE:$BE,"OK") -> 0 | BN4: =+COUNTIFS(K:K,$BK4,$BE:$BE,"OK")+COUNTIFS(L:L,$BK4,$BE:$BE,"OK") -> 0 | BO4: =+COUNTIFS(M:M,$BK4,$BE:$BE,"OK") -> 0 | BP4: =+BQ4-BR4 -> 0 | BQ4: =+SUMIFS(BG:BG,$BE:$BE,"OK",BF:BF,$BK4)+SUMIFS(BH:BH,$BE:$BE,"OK",BI:BI,$BK4) -> 0 | BR4: =+SUMIFS(BH:BH,$BE:$BE,"OK",BF:BF,$BK4)+SUMIFS(BG:BG,$BE:$BE,"OK",BI:BI,$BK4) -> 0 | BS4: =+BM4*3+BN4*1+BP4/100+BQ4/10000 -> 0 | BT4: {=+IF(BL4=0,0,_xludf.XLOOKUP(BS4,BV3:BV6,BW3:BW6))} -> 0 | BV4: =+LARGE(BS3:BS6,2) -> 0 | BW4: =+BX4/$BW$1 -> 0.2 | BX4: 2 | BY4: =+IF(OR(BZ4="-",CC4="-"),"-","OK") -> #NAME? | BZ4: {=+IF(_xludf.XLOOKUP($E4,$AY:$AY,$AZ:$AZ,"-",0)=BZ1,$E4,"-")} -> #NAME? | CA4: =+$F4 -> 2 | CB4: =+$G4 -> 1 | CC4: {=+IF(_xludf.XLOOKUP($H4,$AY:$AY,$AZ:$AZ,"-",0)=BZ1,$H4,"-")} -> #NAME? | CE4: =+BK4 -> Sudafrica | CF4: =+COUNTIFS($BY:$BY,"OK",$CC:$CC,CE4)+COUNTIFS($BY:$BY,"OK",$BZ:$BZ,CE4) -> 0 | CG4: =+COUNTIFS(P:P,$BK4,$BY:$BY,"OK") -> 0 | CH4: =+COUNTIFS(K:K,$BK4,$BY:$BY,"OK")+COUNTIFS(L:L,$BK4,$BY:$BY,"OK") -> 0 | CI4: =+COUNTIFS(M:M,$CE4,$BY:$BY,"OK") -> 0 | CJ4: =+CK4-CL4 -> 0 | CK4: =+SUMIFS(CA:CA,$BY:$BY,"OK",BZ:BZ,$BK4)+SUMIFS(CB:CB,$BY:$BY,"OK",CC:CC,$BK4) -> 0 | CL4: =+SUMIFS(CB:CB,$BY:$BY,"OK",BZ:BZ,$BK4)+SUMIFS(CA:CA,$BY:$BY,"OK",CC:CC,$BK4) -> 0 | CM4: =+CG4*3+CH4*1+CJ4/100+CK4/10000 -> 0 | CN4: {=+IF(CF4=0,0,_xludf.XLOOKUP(CM4,CP3:CP6,CQ3:CQ6))} -> 0 | CP4: =+LARGE(CM3:CM6,2) -> 0 | CQ4: =+CR4/$BW$1 -> 0.2 | CR4: 2 | CS4: =+IF(CS2=CS3,"OK","-") -> OK | CV4: =+'Mejores 3eros'!AP4 -> Escocia | CW4: =+_xlfn.XLOOKUP(CV4,'Mejores 3eros'!$BD$2:$BD$13,'Mejores 3eros'!$BG$2:$BG$13,"-",0) -> IN
A5: GA3 | B5: 46191 | E5: Repubilca Checa | F5: 1 | G5: 0 | H5: Sudafrica | J5: =IF(OR(ISBLANK(F5),ISBLANK(G5)),"",IF(F5>G5,E5,IF(G5>F5,H5,""))) -> Repubilca Checa | K5: =IF(OR(ISBLANK(F5),ISBLANK(G5)),"",IF(F5=G5,E5,"")) | L5: =IF(OR(ISBLANK(F5),ISBLANK(G5)),"",IF(F5=G5,H5,"")) | M5: =IF(OR(ISBLANK(F5),ISBLANK(G5)),"",IF(F5<G5,E5,IF(G5<F5,H5,""))) -> Sudafrica | O5: =+E4 -> Corea del Sur | P5: =+COUNTIF(J3:J8,"="&$O5) -> 2 | Q5: =+COUNTIF(K3:L8,"="&$O5) -> 0 | R5: =+COUNTIF(M3:M8,"="&$O5) -> 1 | S5: =+T5-U5 -> 1 | T5: =+SUMIF(E3:E8,$O5,F3:F8)+SUMIF(H3:H8,$O5,G3:G8) -> 4 | U5: =+SUMIF(E3:E8,$O5,G3:G8)+SUMIF(H3:H8,$O5,F3:F8) -> 3 | V5: =+P5*3+Q5*1+BT5+CN5+S5/1000+T5/10000+AV5/1000000+ROW()/10000000 -> 6.0014005 | W5: =+O5 -> Corea del Sur | Y5: =+CONCATENATE("3",RIGHT(E2,1)) -> 3A | Z5: =+VLOOKUP(AL5,V3:W6,2,FALSE) -> Repubilca Checa | AA5: =+SUM(AB5:AD5) -> 3 | AB5: =+VLOOKUP($Z5,$O$3:$U$6,COLUMN()-26,FALSE) -> 1 | AC5: =+VLOOKUP($Z5,$O$3:$U$6,COLUMN()-26,FALSE) -> 1 | AD5: =+VLOOKUP($Z5,$O$3:$U$6,COLUMN()-26,FALSE) -> 1 | AE5: =+VLOOKUP($Z5,$O$3:$U$6,COLUMN()-26,FALSE) -> 0 | AF5: =+VLOOKUP($Z5,$O$3:$U$6,COLUMN()-26,FALSE) -> 3 | AG5: =+VLOOKUP($Z5,$O$3:$U$6,COLUMN()-26,FALSE) -> 3 | AH5: =+VLOOKUP($Z5,$O$3:$V$6,COLUMN()-26,FALSE) -> 4.0003006 | AI5: =+(COUNTIFS($CV$2:$CV$13,Z5,$CX$2:$CX$13,"IN")+COUNTIFS($CV$2:$CV$13,Z5,$CW$2:$CW$13,"IN"))*IF(SUM(AA3:AA6)=12,1,0) -> 1 | AL5: =+LARGE(V3:V6,3) -> 4.0003006 | AM5: =+(AH5-AL5)*100000000000000000000 -> 0 | AP5: =+O5 -> Corea del Sur | AQ5: =+P5*3+Q5*1+BT5+CN5+S5/1000+T5/10000 -> 6.0014 | AR5: =+IF(OR(AQ5=AQ6),1) -> FALSE | AS5: =+AV5 -> 0 | AT5: =+IF(AND(AM7="si",OR(AR3=1,AR4=1,AR5=1)),1,0) -> 0 | AU5: =+O5 -> Corea del Sur | AX5: =+Y2 -> Grupo A | AY5: =+O5 -> Corea del Sur | AZ5: =+P5*3+Q5 -> 6 | BA5: =+COUNTIFS($AX$1:AX5,AX5,$AZ$1:AZ5,AZ5) -> 1 | BB5: =+IF(AZ5=BF1,ROW()*0.001,AZ5) -> 6 | BC5: =+COUNTIFS($AX$1:AZ5,AZ5,$AZ$1:BB5,BB5) -> 1 | BE5: =+IF(OR(BF5="-",BI5="-",BF1=0),"-","OK") -> #NAME? | BF5: {=+IF(_xludf.XLOOKUP($E5,$AY:$AY,$AZ:$AZ,"-",0)=BF1,$E5,"-")} -> #NAME? | BG5: =+$F5 -> 1 | BH5: =+$G5 -> 0 | BI5: {=+IF(_xludf.XLOOKUP($H5,$AY:$AY,$AZ:$AZ,"-",0)=BF1,$H5,"-")} -> #NAME? | BK5: =+O5 -> Corea del Sur | BL5: =+COUNTIFS($BE:$BE,"OK",$BI:$BI,BK5)+COUNTIFS($BE:$BE,"OK",$BF:$BF,BK5) -> 0 | BM5: =+COUNTIFS(J:J,$BK5,$BE:$BE,"OK") -> 0 | BN5: =+COUNTIFS(K:K,$BK5,$BE:$BE,"OK")+COUNTIFS(L:L,$BK5,$BE:$BE,"OK") -> 0 | BO5: =+COUNTIFS(M:M,$BK5,$BE:$BE,"OK") -> 0 | BP5: =+BQ5-BR5 -> 0 | BQ5: =+SUMIFS(BG:BG,$BE:$BE,"OK",BF:BF,$BK5)+SUMIFS(BH:BH,$BE:$BE,"OK",BI:BI,$BK5) -> 0 | BR5: =+SUMIFS(BH:BH,$BE:$BE,"OK",BF:BF,$BK5)+SUMIFS(BG:BG,$BE:$BE,"OK",BI:BI,$BK5) -> 0 | BS5: =+BM5*3+BN5*1+BP5/100+BQ5/10000 -> 0 | BT5: {=+IF(BL5=0,0,_xludf.XLOOKUP(BS5,BV3:BV6,BW3:BW6))} -> 0 | BV5: =+LARGE(BS3:BS6,3) -> 0 | BW5: =+BX5/$BW$1 -> 0.1 | BX5: 1 | BY5: =+IF(OR(BZ5="-",CC5="-"),"-","OK") -> #NAME? | BZ5: {=+IF(_xludf.XLOOKUP($E5,$AY:$AY,$AZ:$AZ,"-",0)=BZ1,$E5,"-")} -> #NAME? | CA5: =+$F5 -> 1 | CB5: =+$G5 -> 0 | CC5: {=+IF(_xludf.XLOOKUP($H5,$AY:$AY,$AZ:$AZ,"-",0)=BZ1,$H5,"-")} -> #NAME? | CE5: =+BK5 -> Corea del Sur | CF5: =+COUNTIFS($BY:$BY,"OK",$CC:$CC,CE5)+COUNTIFS($BY:$BY,"OK",$BZ:$BZ,CE5) -> 0 | CG5: =+COUNTIFS(P:P,$BK5,$BY:$BY,"OK") -> 0 | CH5: =+COUNTIFS(K:K,$BK5,$BY:$BY,"OK")+COUNTIFS(L:L,$BK5,$BY:$BY,"OK") -> 0 | CI5: =+COUNTIFS(M:M,$CE5,$BY:$BY,"OK") -> 0 | CJ5: =+CK5-CL5 -> 0 | CK5: =+SUMIFS(CA:CA,$BY:$BY,"OK",BZ:BZ,$BK5)+SUMIFS(CB:CB,$BY:$BY,"OK",CC:CC,$BK5) -> 0 | CL5: =+SUMIFS(CB:CB,$BY:$BY,"OK",BZ:BZ,$BK5)+SUMIFS(CA:CA,$BY:$BY,"OK",CC:CC,$BK5) -> 0 | CM5: =+CG5*3+CH5*1+CJ5/100+CK5/10000 -> 0 | CN5: {=+IF(CF5=0,0,_xludf.XLOOKUP(CM5,CP3:CP6,CQ3:CQ6))} -> 0 | CP5: =+LARGE(CM3:CM6,3) -> 0 | CQ5: =+CR5/$BW$1 -> 0.1 | CR5: 1 | CV5: =+'Mejores 3eros'!AP5 -> Estados Unidos | CW5: =+_xlfn.XLOOKUP(CV5,'Mejores 3eros'!$BD$2:$BD$13,'Mejores 3eros'!$BG$2:$BG$13,"-",0) -> IN | CX5: -
A6: GA4 | B6: 46191 | E6: Mexico | F6: 2 | G6: 1 | H6: Corea del Sur | J6: =IF(OR(ISBLANK(F6),ISBLANK(G6)),"",IF(F6>G6,E6,IF(G6>F6,H6,""))) -> Mexico | K6: =IF(OR(ISBLANK(F6),ISBLANK(G6)),"",IF(F6=G6,E6,"")) | L6: =IF(OR(ISBLANK(F6),ISBLANK(G6)),"",IF(F6=G6,H6,"")) | M6: =IF(OR(ISBLANK(F6),ISBLANK(G6)),"",IF(F6<G6,E6,IF(G6<F6,H6,""))) -> Corea del Sur | O6: =+H4 -> Repubilca Checa | P6: =+COUNTIF(J3:J8,"="&$O6) -> 1 | Q6: =+COUNTIF(K3:L8,"="&$O6) -> 1 | R6: =+COUNTIF(M3:M8,"="&$O6) -> 1 | S6: =+T6-U6 -> 0 | T6: =+SUMIF(E3:E8,$O6,F3:F8)+SUMIF(H3:H8,$O6,G3:G8) -> 3 | U6: =+SUMIF(E3:E8,$O6,G3:G8)+SUMIF(H3:H8,$O6,F3:F8) -> 3 | V6: =+P6*3+Q6*1+BT6+CN6+S6/1000+T6/10000+AV6/1000000+ROW()/10000000 -> 4.0003006 | W6: =+O6 -> Repubilca Checa | Y6: =+CONCATENATE("4",RIGHT(E2,1)) -> 4A | Z6: =+VLOOKUP(AL6,V3:W6,2,FALSE) -> Sudafrica | AA6: =+SUM(AB6:AD6) -> 3 | AB6: =+VLOOKUP($Z6,$O$3:$U$6,COLUMN()-26,FALSE) -> 0 | AC6: =+VLOOKUP($Z6,$O$3:$U$6,COLUMN()-26,FALSE) -> 0 | AD6: =+VLOOKUP($Z6,$O$3:$U$6,COLUMN()-26,FALSE) -> 3 | AE6: =+VLOOKUP($Z6,$O$3:$U$6,COLUMN()-26,FALSE) -> -4 | AF6: =+VLOOKUP($Z6,$O$3:$U$6,COLUMN()-26,FALSE) -> 0 | AG6: =+VLOOKUP($Z6,$O$3:$U$6,COLUMN()-26,FALSE) -> 4 | AH6: =+VLOOKUP($Z6,$O$3:$V$6,COLUMN()-26,FALSE) -> -0.0039996 | AL6: =+LARGE(V3:V6,4) -> -0.0039996 | AM6: =+(AH6-AL6)*100000000000000000000 -> 0 | AP6: =+O6 -> Repubilca Checa | AQ6: =+P6*3+Q6*1+BT6+CN6+S6/1000+T6/10000 -> 4.0003 | AS6: =+AV6 -> 0 | AT6: =+IF(AND(AM7="si",OR(AR3=1,AR4=1,AR5=1)),1,0) -> 0 | AU6: =+O6 -> Repubilca Checa | AX6: =+Y2 -> Grupo A | AY6: =+O6 -> Repubilca Checa | AZ6: =+P6*3+Q6 -> 4 | BA6: =+COUNTIFS($AX$1:AX6,AX6,$AZ$1:AZ6,AZ6) -> 1 | BB6: =+IF(AZ6=BF1,ROW()*0.001,AZ6) -> 4 | BC6: =+COUNTIFS($AX$1:AZ6,AZ6,$AZ$1:BB6,BB6) -> 1 | BE6: =+IF(OR(BF6="-",BI6="-",BF1=0),"-","OK") -> #NAME? | BF6: {=+IF(_xludf.XLOOKUP($E6,$AY:$AY,$AZ:$AZ,"-",0)=BF1,$E6,"-")} -> #NAME? | BG6: =+$F6 -> 2 | BH6: =+$G6 -> 1 | BI6: {=+IF(_xludf.XLOOKUP($H6,$AY:$AY,$AZ:$AZ,"-",0)=BF1,$H6,"-")} -> #NAME? | BK6: =+O6 -> Repubilca Checa | BL6: =+COUNTIFS($BE:$BE,"OK",$BI:$BI,BK6)+COUNTIFS($BE:$BE,"OK",$BF:$BF,BK6) -> 0 | BM6: =+COUNTIFS(J:J,$BK6,$BE:$BE,"OK") -> 0 | BN6: =+COUNTIFS(K:K,$BK6,$BE:$BE,"OK")+COUNTIFS(L:L,$BK6,$BE:$BE,"OK") -> 0 | BO6: =+COUNTIFS(M:M,$BK6,$BE:$BE,"OK") -> 0 | BP6: =+BQ6-BR6 -> 0 | BQ6: =+SUMIFS(BG:BG,$BE:$BE,"OK",BF:BF,$BK6)+SUMIFS(BH:BH,$BE:$BE,"OK",BI:BI,$BK6) -> 0 | BR6: =+SUMIFS(BH:BH,$BE:$BE,"OK",BF:BF,$BK6)+SUMIFS(BG:BG,$BE:$BE,"OK",BI:BI,$BK6) -> 0 | BS6: =+BM6*3+BN6*1+BP6/100+BQ6/10000 -> 0 | BT6: {=+IF(BL6=0,0,_xludf.XLOOKUP(BS6,BV3:BV6,BW3:BW6))} -> 0 | BV6: =+LARGE(BS3:BS6,4) -> 0 | BW6: =+BX6/$BW$1 -> 0 | BX6: 0 | BY6: =+IF(OR(BZ6="-",CC6="-"),"-","OK") -> #NAME? | BZ6: {=+IF(_xludf.XLOOKUP($E6,$AY:$AY,$AZ:$AZ,"-",0)=BZ1,$E6,"-")} -> #NAME? | CA6: =+$F6 -> 2 | CB6: =+$G6 -> 1 | CC6: {=+IF(_xludf.XLOOKUP($H6,$AY:$AY,$AZ:$AZ,"-",0)=BZ1,$H6,"-")} -> #NAME? | CE6: =+BK6 -> Repubilca Checa | CF6: =+COUNTIFS($BY:$BY,"OK",$CC:$CC,CE6)+COUNTIFS($BY:$BY,"OK",$BZ:$BZ,CE6) -> 0 | CG6: =+COUNTIFS(P:P,$BK6,$BY:$BY,"OK") -> 0 | CH6: =+COUNTIFS(K:K,$BK6,$BY:$BY,"OK")+COUNTIFS(L:L,$BK6,$BY:$BY,"OK") -> 0 | CI6: =+COUNTIFS(M:M,$CE6,$BY:$BY,"OK") -> 0 | CJ6: =+CK6-CL6 -> 0 | CK6: =+SUMIFS(CA:CA,$BY:$BY,"OK",BZ:BZ,$BK6)+SUMIFS(CB:CB,$BY:$BY,"OK",CC:CC,$BK6) -> 0 | CL6: =+SUMIFS(CB:CB,$BY:$BY,"OK",BZ:BZ,$BK6)+SUMIFS(CA:CA,$BY:$BY,"OK",CC:CC,$BK6) -> 0 | CM6: =+CG6*3+CH6*1+CJ6/100+CK6/10000 -> 0 | CN6: {=+IF(CF6=0,0,_xludf.XLOOKUP(CM6,CP3:CP6,CQ3:CQ6))} -> 0 | CP6: =+LARGE(CM3:CM6,4) -> 0 | CQ6: =+CR6/$BW$1 -> 0 | CR6: 0 | CV6: =+'Mejores 3eros'!AP6 -> Costa de Marfil | CW6: =+_xlfn.XLOOKUP(CV6,'Mejores 3eros'!$BD$2:$BD$13,'Mejores 3eros'!$BG$2:$BG$13,"-",0) -> OUT | CX6: -
A7: GA5 | B7: 46197 | E7: Repubilca Checa | F7: 1 | G7: 1 | H7: Mexico | J7: =IF(OR(ISBLANK(F7),ISBLANK(G7)),"",IF(F7>G7,E7,IF(G7>F7,H7,""))) | K7: =IF(OR(ISBLANK(F7),ISBLANK(G7)),"",IF(F7=G7,E7,"")) -> Repubilca Checa | L7: =IF(OR(ISBLANK(F7),ISBLANK(G7)),"",IF(F7=G7,H7,"")) -> Mexico | M7: =IF(OR(ISBLANK(F7),ISBLANK(G7)),"",IF(F7<G7,E7,IF(G7<F7,H7,""))) | AL7: Completo? | AM7: =+IF(SUM(AA3:AA6)=12,"si","no") -> si | BE7: =+IF(OR(BF7="-",BI7="-",BF1=0),"-","OK") -> #NAME? | BF7: {=+IF(_xludf.XLOOKUP($E7,$AY:$AY,$AZ:$AZ,"-",0)=BF1,$E7,"-")} -> #NAME? | BG7: =+$F7 -> 1 | BH7: =+$G7 -> 1 | BI7: {=+IF(_xludf.XLOOKUP($H7,$AY:$AY,$AZ:$AZ,"-",0)=BF1,$H7,"-")} -> #NAME? | BY7: =+IF(OR(BZ7="-",CC7="-"),"-","OK") -> #NAME? | BZ7: {=+IF(_xludf.XLOOKUP($E7,$AY:$AY,$AZ:$AZ,"-",0)=BZ1,$E7,"-")} -> #NAME? | CA7: =+$F7 -> 1 | CB7: =+$G7 -> 1 | CC7: {=+IF(_xludf.XLOOKUP($H7,$AY:$AY,$AZ:$AZ,"-",0)=BZ1,$H7,"-")} -> #NAME? | CV7: =+'Mejores 3eros'!AP7 -> Suecia | CW7: =+_xlfn.XLOOKUP(CV7,'Mejores 3eros'!$BD$2:$BD$13,'Mejores 3eros'!$BG$2:$BG$13,"-",0) -> IN | CX7: -
A8: GA6 | B8: 46197 | E8: Sudafrica | F8: 0 | G8: 1 | H8: Corea del Sur | J8: =IF(OR(ISBLANK(F8),ISBLANK(G8)),"",IF(F8>G8,E8,IF(G8>F8,H8,""))) -> Corea del Sur | K8: =IF(OR(ISBLANK(F8),ISBLANK(G8)),"",IF(F8=G8,E8,"")) | L8: =IF(OR(ISBLANK(F8),ISBLANK(G8)),"",IF(F8=G8,H8,"")) | M8: =IF(OR(ISBLANK(F8),ISBLANK(G8)),"",IF(F8<G8,E8,IF(G8<F8,H8,""))) -> Sudafrica | Y8: Hay equipos empatados: completar tabla para definir sorteo (valores del 1 al 4, el 4 pasa de ronda) | AR8: =+IF(AND(AM7="si",OR(AR3=1,AR4=1,AR5=1)),1,0) -> 0 | BE8: =+IF(OR(BF8="-",BI8="-",BF1=0),"-","OK") -> #NAME? | BF8: {=+IF(_xludf.XLOOKUP($E8,$AY:$AY,$AZ:$AZ,"-",0)=BF1,$E8,"-")} -> #NAME? | BG8: =+$F8 -> 0 | BH8: =+$G8 -> 1 | BI8: {=+IF(_xludf.XLOOKUP($H8,$AY:$AY,$AZ:$AZ,"-",0)=BF1,$H8,"-")} -> #NAME? | BY8: =+IF(OR(BZ8="-",CC8="-"),"-","OK") -> #NAME? | BZ8: {=+IF(_xludf.XLOOKUP($E8,$AY:$AY,$AZ:$AZ,"-",0)=BZ1,$E8,"-")} -> #NAME? | CA8: =+$F8 -> 0 | CB8: =+$G8 -> 1 | CC8: {=+IF(_xludf.XLOOKUP($H8,$AY:$AY,$AZ:$AZ,"-",0)=BZ1,$H8,"-")} -> #NAME? | CV8: =+'Mejores 3eros'!AP8 -> Nueva Zelanda | CW8: =+_xlfn.XLOOKUP(CV8,'Mejores 3eros'!$BD$2:$BD$13,'Mejores 3eros'!$BG$2:$BG$13,"-",0) -> IN | CX8: -
CV9: =+'Mejores 3eros'!AP9 -> Arabia Saudita | CW9: =+_xlfn.XLOOKUP(CV9,'Mejores 3eros'!$BD$2:$BD$13,'Mejores 3eros'!$BG$2:$BG$13,"-",0) -> IN | CX9: -
BF10: =+IF(BA12>1,AZ12,IF(BA13>1,AZ13,IF(BA14>1,AZ14,IF(BA15>1,AZ15,"-")))) -> 1 | BW10: 10 | BZ10: =+IF(BC12>1,BB12,IF(BC13>1,BB13,IF(BC14>1,BB14,IF(BC15>1,BB15,"-")))) -> 7 | CQ10: 10 | CV10: =+'Mejores 3eros'!AP10 -> Senegal | CW10: =+_xlfn.XLOOKUP(CV10,'Mejores 3eros'!$BD$2:$BD$13,'Mejores 3eros'!$BG$2:$BG$13,"-",0) -> IN
A11: Partido | B11: Fecha | C11: Sede | E11: Grupo B | J11: G | K11: E | L11: E | M11: P | O11: =+E11 -> Grupo B | P11: G | Q11: E | R11: P | S11: Dif | T11: G+ | U11: G- | V11: Ptos | Y11: Grupo B | AA11: J | AB11: G | AC11: E | AD11: P | AE11: Dif | AF11: G+ | AG11: G- | AH11: Ptos | AL11: Ptos | AM11: check | AY11: Empate 1 | AZ11: Ptos | BA11: Empate? | BL11: J | BM11: G | BN11: E | BO11: P | BP11: Dif | BQ11: G+ | BR11: G- | BS11: Ptos | BT11: Extra | BV11: Orden | BW11: Extra | CF11: J | CG11: G | CH11: E | CI11: P | CJ11: Dif | CK11: G+ | CL11: G- | CM11: Ptos | CN11: Extra | CP11: Orden | CQ11: Extra | CV11: =+'Mejores 3eros'!AP11 -> Argelia | CW11: =+_xlfn.XLOOKUP(CV11,'Mejores 3eros'!$BD$2:$BD$13,'Mejores 3eros'!$BG$2:$BG$13,"-",0) -> OUT | CX11: -
A12: GB1 | B12: 46185 | E12: Canada | F12: 0 | G12: 1 | H12: Bosnia | J12: =IF(OR(ISBLANK(F12),ISBLANK(G12)),"",IF(F12>G12,E12,IF(G12>F12,H12,""))) -> Bosnia | K12: =IF(OR(ISBLANK(F12),ISBLANK(G12)),"",IF(F12=G12,E12,"")) | L12: =IF(OR(ISBLANK(F12),ISBLANK(G12)),"",IF(F12=G12,H12,"")) | M12: =IF(OR(ISBLANK(F12),ISBLANK(G12)),"",IF(F12<G12,E12,IF(G12<F12,H12,""))) -> Canada | O12: =+E12 -> Canada | P12: =+COUNTIF(J12:J17,"="&$O12) -> 0 | Q12: =+COUNTIF(K12:L17,"="&$O12) -> 1 | R12: =+COUNTIF(M12:M17,"="&$O12) -> 2 | S12: =+T12-U12 -> -3 | T12: =+SUMIF(E12:E17,$O12,F12:F17)+SUMIF(H12:H17,$O12,G12:G17) -> 0 | U12: =+SUMIF(E12:E17,$O12,G12:G17)+SUMIF(H12:H17,$O12,F12:F17) -> 3 | V12: =+P12*3+Q12*1+BT12+CN12+S12/1000+T12/10000+AV12/1000000+ROW()/10000000 -> 0.9970012 | W12: =+O12 -> Canada | Y12: =+CONCATENATE("1",RIGHT(E11,1)) -> 1B | Z12: =+VLOOKUP(AL12,V12:W15,2,FALSE) -> Suiza | AA12: =+SUM(AB12:AD12) -> 3 | AB12: =+VLOOKUP($Z12,$O$12:$U$15,COLUMN()-26,FALSE) -> 2 | AC12: =+VLOOKUP($Z12,$O$12:$U$15,COLUMN()-26,FALSE) -> 1 | AD12: =+VLOOKUP($Z12,$O$12:$U$15,COLUMN()-26,FALSE) -> 0 | AE12: =+VLOOKUP($Z12,$O$12:$U$15,COLUMN()-26,FALSE) -> 4 | AF12: =+VLOOKUP($Z12,$O$12:$U$15,COLUMN()-26,FALSE) -> 5 | AG12: =+VLOOKUP($Z12,$O$12:$U$15,COLUMN()-26,FALSE) -> 1 | AH12: =+VLOOKUP($Z12,$O$12:$V$15,COLUMN()-26,FALSE) -> 7.0045015 | AL12: =+LARGE(V12:V15,1) -> 7.0045015 | AM12: =+(AH12-AL12)*100000000000000000000 -> 0 | AP12: =+O12 -> Canada | AQ12: =+P12*3+Q12*1+BT12+CN12+S12/1000+T12/10000 -> 0.997 | AR12: =+IF(OR(AQ12=AQ13,AQ12=AQ14,AQ12=AQ15),1) -> FALSE | AS12: =+AV12 -> 0 | AT12: =+IF(AND(AM16="si",OR(AR12=1,AR13=1,AR14=1)),1,0) -> 0 | AU12: =+O12 -> Canada | AX12: =+Y11 -> Grupo B | AY12: =+O12 -> Canada | AZ12: =+P12*3+Q12 -> 1 | BA12: =+COUNTIFS($AX$1:AX12,AX12,$AZ$1:AZ12,AZ12) -> 1 | BB12: =+IF(AZ12=BF10,ROW()*0.001,AZ12) -> 0.012 | BC12: =+COUNTIFS($AX$1:AZ12,AZ12,$AZ$1:BB12,BB12) -> 1 | BE12: =+IF(OR(BF12="-",BI12="-",BF10=0),"-","OK") -> #NAME? | BF12: {=+IF(_xludf.XLOOKUP($E12,$AY:$AY,$AZ:$AZ,"-",0)=BF10,$E12,"-")} -> #NAME? | BG12: =+$F12 -> 0 | BH12: =+$G12 -> 1 | BI12: {=+IF(_xludf.XLOOKUP($H12,$AY:$AY,$AZ:$AZ,"-",0)=BF10,$H12,"-")} -> #NAME? | BK12: =+O12 -> Canada | BL12: =+COUNTIFS($BE:$BE,"OK",$BI:$BI,BK12)+COUNTIFS($BE:$BE,"OK",$BF:$BF,BK12) -> 0 | BM12: =+COUNTIFS(J:J,$BK12,$BE:$BE,"OK") -> 0 | BN12: =+COUNTIFS(K:K,$BK12,$BE:$BE,"OK")+COUNTIFS(L:L,$BK12,$BE:$BE,"OK") -> 0 | BO12: =+COUNTIFS(M:M,$BK12,$BE:$BE,"OK") -> 0 | BP12: =+BQ12-BR12 -> 0 | BQ12: =+SUMIFS(BG:BG,$BE:$BE,"OK",BF:BF,$BK12)+SUMIFS(BH:BH,$BE:$BE,"OK",BI:BI,$BK12) -> 0 | BR12: =+SUMIFS(BH:BH,$BE:$BE,"OK",BF:BF,$BK12)+SUMIFS(BG:BG,$BE:$BE,"OK",BI:BI,$BK12) -> 0 | BS12: =+BM12*3+BN12*1+BP12/100+BQ12/10000 -> 0 | BT12: {=+IF(BL12=0,0,_xludf.XLOOKUP(BS12,BV12:BV15,BW12:BW15))} -> 0 | BV12: =+LARGE(BS12:BS15,1) -> 0 | BW12: =+BX12/$BW$1 -> 0.3 | BX12: 3 | BY12: =+IF(OR(BZ12="-",CC12="-"),"-","OK") -> #NAME? | BZ12: {=+IF(_xludf.XLOOKUP($E12,$AY:$AY,$AZ:$AZ,"-",0)=BZ10,$E12,"-")} -> #NAME? | CA12: =+$F12 -> 0 | CB12: =+$G12 -> 1 | CC12: {=+IF(_xludf.XLOOKUP($H12,$AY:$AY,$AZ:$AZ,"-",0)=BZ10,$H12,"-")} -> #NAME? | CE12: =+BK12 -> Canada | CF12: =+COUNTIFS($BY:$BY,"OK",$CC:$CC,CE12)+COUNTIFS($BY:$BY,"OK",$BZ:$BZ,CE12) -> 0 | CG12: =+COUNTIFS(P:P,$BK12,$BY:$BY,"OK") -> 0 | CH12: =+COUNTIFS(K:K,$BK12,$BY:$BY,"OK")+COUNTIFS(L:L,$BK12,$BY:$BY,"OK") -> 0 | CI12: =+COUNTIFS(M:M,$CE12,$BY:$BY,"OK") -> 0 | CJ12: =+CK12-CL12 -> 0 | CK12: =+SUMIFS(CA:CA,$BY:$BY,"OK",BZ:BZ,$BK12)+SUMIFS(CB:CB,$BY:$BY,"OK",CC:CC,$BK12) -> 0 | CL12: =+SUMIFS(CB:CB,$BY:$BY,"OK",BZ:BZ,$BK12)+SUMIFS(CA:CA,$BY:$BY,"OK",CC:CC,$BK12) -> 0 | CM12: =+CG12*3+CH12*1+CJ12/100+CK12/10000 -> 0 | CN12: {=+IF(CF12=0,0,_xludf.XLOOKUP(CM12,CP12:CP15,CQ12:CQ15))} -> 0 | CP12: =+LARGE(CM12:CM15,1) -> 0 | CQ12: =+CR12/$BW$1 -> 0.3 | CR12: 3 | CV12: =+'Mejores 3eros'!AP12 -> Uzbekistan | CW12: =+_xlfn.XLOOKUP(CV12,'Mejores 3eros'!$BD$2:$BD$13,'Mejores 3eros'!$BG$2:$BG$13,"-",0) -> OUT | CX12: -
A13: GB2 | B13: 46186 | E13: Qatar | F13: 0 | G13: 2 | H13: Suiza | J13: =IF(OR(ISBLANK(F13),ISBLANK(G13)),"",IF(F13>G13,E13,IF(G13>F13,H13,""))) -> Suiza | K13: =IF(OR(ISBLANK(F13),ISBLANK(G13)),"",IF(F13=G13,E13,"")) | L13: =IF(OR(ISBLANK(F13),ISBLANK(G13)),"",IF(F13=G13,H13,"")) | M13: =IF(OR(ISBLANK(F13),ISBLANK(G13)),"",IF(F13<G13,E13,IF(G13<F13,H13,""))) -> Qatar | O13: =+H12 -> Bosnia | P13: =+COUNTIF(J12:J17,"="&$O13) -> 2 | Q13: =+COUNTIF(K12:L17,"="&$O13) -> 1 | R13: =+COUNTIF(M12:M17,"="&$O13) -> 0 | S13: =+T13-U13 -> 3 | T13: =+SUMIF(E12:E17,$O13,F12:F17)+SUMIF(H12:H17,$O13,G12:G17) -> 4 | U13: =+SUMIF(E12:E17,$O13,G12:G17)+SUMIF(H12:H17,$O13,F12:F17) -> 1 | V13: =+P13*3+Q13*1+BT13+CN13+S13/1000+T13/10000+AV13/1000000+ROW()/10000000 -> 7.0034013 | W13: =+O13 -> Bosnia | Y13: =+CONCATENATE("2",RIGHT(E11,1)) -> 2B | Z13: =+VLOOKUP(AL13,V12:W15,2,FALSE) -> Bosnia | AA13: =+SUM(AB13:AD13) -> 3 | AB13: =+VLOOKUP($Z13,$O$12:$U$15,COLUMN()-26,FALSE) -> 2 | AC13: =+VLOOKUP($Z13,$O$12:$U$15,COLUMN()-26,FALSE) -> 1 | AD13: =+VLOOKUP($Z13,$O$12:$U$15,COLUMN()-26,FALSE) -> 0 | AE13: =+VLOOKUP($Z13,$O$12:$U$15,COLUMN()-26,FALSE) -> 3 | AF13: =+VLOOKUP($Z13,$O$12:$U$15,COLUMN()-26,FALSE) -> 4 | AG13: =+VLOOKUP($Z13,$O$12:$U$15,COLUMN()-26,FALSE) -> 1 | AH13: =+VLOOKUP($Z13,$O$12:$V$15,COLUMN()-26,FALSE) -> 7.0034013 | AL13: =+LARGE(V12:V15,2) -> 7.0034013 | AM13: =+(AH13-AL13)*100000000000000000000 -> 0 | AP13: =+O13 -> Bosnia | AQ13: =+P13*3+Q13*1+BT13+CN13+S13/1000+T13/10000 -> 7.0034 | AR13: =+IF(OR(AQ13=AQ14,AQ13=AQ15),1) -> FALSE | AS13: =+AV13 -> 0 | AT13: =+IF(AND(AM16="si",OR(AR12=1,AR13=1,AR14=1)),1,0) -> 0 | AU13: =+O13 -> Bosnia | AX13: =+Y11 -> Grupo B | AY13: =+O13 -> Bosnia | AZ13: =+P13*3+Q13 -> 7 | BA13: =+COUNTIFS($AX$1:AX13,AX13,$AZ$1:AZ13,AZ13) -> 1 | BB13: =+IF(AZ13=BF10,ROW()*0.001,AZ13) -> 7 | BC13: =+COUNTIFS($AX$1:AZ13,AZ13,$AZ$1:BB13,BB13) -> 2 | BE13: =+IF(OR(BF13="-",BI13="-",BF10=0),"-","OK") -> #NAME? | BF13: {=+IF(_xludf.XLOOKUP($E13,$AY:$AY,$AZ:$AZ,"-",0)=BF10,$E13,"-")} -> #NAME? | BG13: =+$F13 -> 0 | BH13: =+$G13 -> 2 | BI13: {=+IF(_xludf.XLOOKUP($H13,$AY:$AY,$AZ:$AZ,"-",0)=BF10,$H13,"-")} -> #NAME? | BK13: =+O13 -> Bosnia | BL13: =+COUNTIFS($BE:$BE,"OK",$BI:$BI,BK13)+COUNTIFS($BE:$BE,"OK",$BF:$BF,BK13) -> 0 | BM13: =+COUNTIFS(J:J,$BK13,$BE:$BE,"OK") -> 0 | BN13: =+COUNTIFS(K:K,$BK13,$BE:$BE,"OK")+COUNTIFS(L:L,$BK13,$BE:$BE,"OK") -> 0 | BO13: =+COUNTIFS(M:M,$BK13,$BE:$BE,"OK") -> 0 | BP13: =+BQ13-BR13 -> 0 | BQ13: =+SUMIFS(BG:BG,$BE:$BE,"OK",BF:BF,$BK13)+SUMIFS(BH:BH,$BE:$BE,"OK",BI:BI,$BK13) -> 0 | BR13: =+SUMIFS(BH:BH,$BE:$BE,"OK",BF:BF,$BK13)+SUMIFS(BG:BG,$BE:$BE,"OK",BI:BI,$BK13) -> 0 | BS13: =+BM13*3+BN13*1+BP13/100+BQ13/10000 -> 0 | BT13: {=+IF(BL13=0,0,_xludf.XLOOKUP(BS13,BV12:BV15,BW12:BW15))} -> 0 | BV13: =+LARGE(BS12:BS15,2) -> 0 | BW13: =+BX13/$BW$1 -> 0.2 | BX13: 2 | BY13: =+IF(OR(BZ13="-",CC13="-"),"-","OK") -> #NAME? | BZ13: {=+IF(_xludf.XLOOKUP($E13,$AY:$AY,$AZ:$AZ,"-",0)=BZ10,$E13,"-")} -> #NAME? | CA13: =+$F13 -> 0 | CB13: =+$G13 -> 2 | CC13: {=+IF(_xludf.XLOOKUP($H13,$AY:$AY,$AZ:$AZ,"-",0)=BZ10,$H13,"-")} -> #NAME? | CE13: =+BK13 -> Bosnia | CF13: =+COUNTIFS($BY:$BY,"OK",$CC:$CC,CE13)+COUNTIFS($BY:$BY,"OK",$BZ:$BZ,CE13) -> 0 | CG13: =+COUNTIFS(P:P,$BK13,$BY:$BY,"OK") -> 0 | CH13: =+COUNTIFS(K:K,$BK13,$BY:$BY,"OK")+COUNTIFS(L:L,$BK13,$BY:$BY,"OK") -> 0 | CI13: =+COUNTIFS(M:M,$CE13,$BY:$BY,"OK") -> 0 | CJ13: =+CK13-CL13 -> 0 | CK13: =+SUMIFS(CA:CA,$BY:$BY,"OK",BZ:BZ,$BK13)+SUMIFS(CB:CB,$BY:$BY,"OK",CC:CC,$BK13) -> 0 | CL13: =+SUMIFS(CB:CB,$BY:$BY,"OK",BZ:BZ,$BK13)+SUMIFS(CA:CA,$BY:$BY,"OK",CC:CC,$BK13) -> 0 | CM13: =+CG13*3+CH13*1+CJ13/100+CK13/10000 -> 0 | CN13: {=+IF(CF13=0,0,_xludf.XLOOKUP(CM13,CP12:CP15,CQ12:CQ15))} -> 0 | CP13: =+LARGE(CM12:CM15,2) -> 0 | CQ13: =+CR13/$BW$1 -> 0.2 | CR13: 2 | CV13: =+'Mejores 3eros'!AP13 -> Ghana | CW13: =+_xlfn.XLOOKUP(CV13,'Mejores 3eros'!$BD$2:$BD$13,'Mejores 3eros'!$BG$2:$BG$13,"-",0) -> IN | CX13: -
A14: GB3 | B14: 46191 | E14: Suiza | F14: 1 | G14: 1 | H14: Bosnia | J14: =IF(OR(ISBLANK(F14),ISBLANK(G14)),"",IF(F14>G14,E14,IF(G14>F14,H14,""))) | K14: =IF(OR(ISBLANK(F14),ISBLANK(G14)),"",IF(F14=G14,E14,"")) -> Suiza | L14: =IF(OR(ISBLANK(F14),ISBLANK(G14)),"",IF(F14=G14,H14,"")) -> Bosnia | M14: =IF(OR(ISBLANK(F14),ISBLANK(G14)),"",IF(F14<G14,E14,IF(G14<F14,H14,""))) | O14: =+E13 -> Qatar | P14: =+COUNTIF(J12:J17,"="&$O14) -> 0 | Q14: =+COUNTIF(K12:L17,"="&$O14) -> 1 | R14: =+COUNTIF(M12:M17,"="&$O14) -> 2 | S14: =+T14-U14 -> -4 | T14: =+SUMIF(E12:E17,$O14,F12:F17)+SUMIF(H12:H17,$O14,G12:G17) -> 0 | U14: =+SUMIF(E12:E17,$O14,G12:G17)+SUMIF(H12:H17,$O14,F12:F17) -> 4 | V14: =+P14*3+Q14*1+BT14+CN14+S14/1000+T14/10000+AV14/1000000+ROW()/10000000 -> 0.9960014 | W14: =+O14 -> Qatar | Y14: =+CONCATENATE("3",RIGHT(E11,1)) -> 3B | Z14: =+VLOOKUP(AL14,V12:W15,2,FALSE) -> Canada | AA14: =+SUM(AB14:AD14) -> 3 | AB14: =+VLOOKUP($Z14,$O$12:$U$15,COLUMN()-26,FALSE) -> 0 | AC14: =+VLOOKUP($Z14,$O$12:$U$15,COLUMN()-26,FALSE) -> 1 | AD14: =+VLOOKUP($Z14,$O$12:$U$15,COLUMN()-26,FALSE) -> 2 | AE14: =+VLOOKUP($Z14,$O$12:$U$15,COLUMN()-26,FALSE) -> -3 | AF14: =+VLOOKUP($Z14,$O$12:$U$15,COLUMN()-26,FALSE) -> 0 | AG14: =+VLOOKUP($Z14,$O$12:$U$15,COLUMN()-26,FALSE) -> 3 | AH14: =+VLOOKUP($Z14,$O$12:$V$15,COLUMN()-26,FALSE) -> 0.9970012 | AI14: =+(COUNTIFS($CV$2:$CV$13,Z14,$CX$2:$CX$13,"IN")+COUNTIFS($CV$2:$CV$13,Z14,$CW$2:$CW$13,"IN"))*IF(SUM(AA12:AA15)=12,1,0) -> 0 | AL14: =+LARGE(V12:V15,3) -> 0.9970012 | AM14: =+(AH14-AL14)*100000000000000000000 -> 0 | AP14: =+O14 -> Qatar | AQ14: =+P14*3+Q14*1+BT14+CN14+S14/1000+T14/10000 -> 0.996 | AR14: =+IF(OR(AQ14=AQ15),1) -> FALSE | AS14: =+AV14 -> 0 | AT14: =+IF(AND(AM16="si",OR(AR12=1,AR13=1,AR14=1)),1,0) -> 0 | AU14: =+O14 -> Qatar | AX14: =+Y11 -> Grupo B | AY14: =+O14 -> Qatar | AZ14: =+P14*3+Q14 -> 1 | BA14: =+COUNTIFS($AX$1:AX14,AX14,$AZ$1:AZ14,AZ14) -> 2 | BB14: =+IF(AZ14=BF10,ROW()*0.001,AZ14) -> 0.014 | BC14: =+COUNTIFS($AX$1:AZ14,AZ14,$AZ$1:BB14,BB14) -> 1 | BE14: =+IF(OR(BF14="-",BI14="-",BF10=0),"-","OK") -> #NAME? | BF14: {=+IF(_xludf.XLOOKUP($E14,$AY:$AY,$AZ:$AZ,"-",0)=BF10,$E14,"-")} -> #NAME? | BG14: =+$F14 -> 1 | BH14: =+$G14 -> 1 | BI14: {=+IF(_xludf.XLOOKUP($H14,$AY:$AY,$AZ:$AZ,"-",0)=BF10,$H14,"-")} -> #NAME? | BK14: =+O14 -> Qatar | BL14: =+COUNTIFS($BE:$BE,"OK",$BI:$BI,BK14)+COUNTIFS($BE:$BE,"OK",$BF:$BF,BK14) -> 0 | BM14: =+COUNTIFS(J:J,$BK14,$BE:$BE,"OK") -> 0 | BN14: =+COUNTIFS(K:K,$BK14,$BE:$BE,"OK")+COUNTIFS(L:L,$BK14,$BE:$BE,"OK") -> 0 | BO14: =+COUNTIFS(M:M,$BK14,$BE:$BE,"OK") -> 0 | BP14: =+BQ14-BR14 -> 0 | BQ14: =+SUMIFS(BG:BG,$BE:$BE,"OK",BF:BF,$BK14)+SUMIFS(BH:BH,$BE:$BE,"OK",BI:BI,$BK14) -> 0 | BR14: =+SUMIFS(BH:BH,$BE:$BE,"OK",BF:BF,$BK14)+SUMIFS(BG:BG,$BE:$BE,"OK",BI:BI,$BK14) -> 0 | BS14: =+BM14*3+BN14*1+BP14/100+BQ14/10000 -> 0 | BT14: {=+IF(BL14=0,0,_xludf.XLOOKUP(BS14,BV12:BV15,BW12:BW15))} -> 0 | BV14: =+LARGE(BS12:BS15,3) -> 0 | BW14: =+BX14/$BW$1 -> 0.1 | BX14: 1 | BY14: =+IF(OR(BZ14="-",CC14="-"),"-","OK") -> #NAME? | BZ14: {=+IF(_xludf.XLOOKUP($E14,$AY:$AY,$AZ:$AZ,"-",0)=BZ10,$E14,"-")} -> #NAME? | CA14: =+$F14 -> 1 | CB14: =+$G14 -> 1 | CC14: {=+IF(_xludf.XLOOKUP($H14,$AY:$AY,$AZ:$AZ,"-",0)=BZ10,$H14,"-")} -> #NAME? | CE14: =+BK14 -> Qatar | CF14: =+COUNTIFS($BY:$BY,"OK",$CC:$CC,CE14)+COUNTIFS($BY:$BY,"OK",$BZ:$BZ,CE14) -> 0 | CG14: =+COUNTIFS(P:P,$BK14,$BY:$BY,"OK") -> 0 | CH14: =+COUNTIFS(K:K,$BK14,$BY:$BY,"OK")+COUNTIFS(L:L,$BK14,$BY:$BY,"OK") -> 0 | CI14: =+COUNTIFS(M:M,$CE14,$BY:$BY,"OK") -> 0 | CJ14: =+CK14-CL14 -> 0 | CK14: =+SUMIFS(CA:CA,$BY:$BY,"OK",BZ:BZ,$BK14)+SUMIFS(CB:CB,$BY:$BY,"OK",CC:CC,$BK14) -> 0 | CL14: =+SUMIFS(CB:CB,$BY:$BY,"OK",BZ:BZ,$BK14)+SUMIFS(CA:CA,$BY:$BY,"OK",CC:CC,$BK14) -> 0 | CM14: =+CG14*3+CH14*1+CJ14/100+CK14/10000 -> 0 | CN14: {=+IF(CF14=0,0,_xludf.XLOOKUP(CM14,CP12:CP15,CQ12:CQ15))} -> 0 | CP14: =+LARGE(CM12:CM15,3) -> 0 | CQ14: =+CR14/$BW$1 -> 0.1 | CR14: 1 | CV14: =IF(CS4="OK",IF(COUNTIF($CW$2:$CX$13,"IN")<8,"Missing INPUTS for BEST 3rd Places",IF(COUNTIF($CW$2:$CX$13,"IN")>8,"Too many BEST 3rd Places","-")),"") -> -
A15: GB4 | B15: 46191 | E15: Canada | F15: 0 | G15: 0 | H15: Qatar | J15: =IF(OR(ISBLANK(F15),ISBLANK(G15)),"",IF(F15>G15,E15,IF(G15>F15,H15,""))) | K15: =IF(OR(ISBLANK(F15),ISBLANK(G15)),"",IF(F15=G15,E15,"")) -> Canada | L15: =IF(OR(ISBLANK(F15),ISBLANK(G15)),"",IF(F15=G15,H15,"")) -> Qatar | M15: =IF(OR(ISBLANK(F15),ISBLANK(G15)),"",IF(F15<G15,E15,IF(G15<F15,H15,""))) | O15: =+H13 -> Suiza | P15: =+COUNTIF(J12:J17,"="&$O15) -> 2 | Q15: =+COUNTIF(K12:L17,"="&$O15) -> 1 | R15: =+COUNTIF(M12:M17,"="&$O15) -> 0 | S15: =+T15-U15 -> 4 | T15: =+SUMIF(E12:E17,$O15,F12:F17)+SUMIF(H12:H17,$O15,G12:G17) -> 5 | U15: =+SUMIF(E12:E17,$O15,G12:G17)+SUMIF(H12:H17,$O15,F12:F17) -> 1 | V15: =+P15*3+Q15*1+BT15+CN15+S15/1000+T15/10000+AV15/1000000+ROW()/10000000 -> 7.0045015 | W15: =+O15 -> Suiza | Y15: =+CONCATENATE("4",RIGHT(E11,1)) -> 4B | Z15: =+VLOOKUP(AL15,V12:W15,2,FALSE) -> Qatar | AA15: =+SUM(AB15:AD15) -> 3 | AB15: =+VLOOKUP($Z15,$O$12:$U$15,COLUMN()-26,FALSE) -> 0 | AC15: =+VLOOKUP($Z15,$O$12:$U$15,COLUMN()-26,FALSE) -> 1 | AD15: =+VLOOKUP($Z15,$O$12:$U$15,COLUMN()-26,FALSE) -> 2 | AE15: =+VLOOKUP($Z15,$O$12:$U$15,COLUMN()-26,FALSE) -> -4 | AF15: =+VLOOKUP($Z15,$O$12:$U$15,COLUMN()-26,FALSE) -> 0 | AG15: =+VLOOKUP($Z15,$O$12:$U$15,COLUMN()-26,FALSE) -> 4 | AH15: =+VLOOKUP($Z15,$O$12:$V$15,COLUMN()-26,FALSE) -> 0.9960014 | AL15: =+LARGE(V12:V15,4) -> 0.9960014 | AM15: =+(AH15-AL15)*100000000000000000000 -> 0 | AP15: =+O15 -> Suiza | AQ15: =+P15*3+Q15*1+BT15+CN15+S15/1000+T15/10000 -> 7.0045 | AS15: =+AV15 -> 0 | AT15: =+IF(AND(AM16="si",OR(AR12=1,AR13=1,AR14=1)),1,0) -> 0 | AU15: =+O15 -> Suiza | AX15: =+Y11 -> Grupo B | AY15: =+O15 -> Suiza | AZ15: =+P15*3+Q15 -> 7 | BA15: =+COUNTIFS($AX$1:AX15,AX15,$AZ$1:AZ15,AZ15) -> 2 | BB15: =+IF(AZ15=BF10,ROW()*0.001,AZ15) -> 7 | BC15: =+COUNTIFS($AX$1:AZ15,AZ15,$AZ$1:BB15,BB15) -> 3 | BE15: =+IF(OR(BF15="-",BI15="-",BF10=0),"-","OK") -> #NAME? | BF15: {=+IF(_xludf.XLOOKUP($E15,$AY:$AY,$AZ:$AZ,"-",0)=BF10,$E15,"-")} -> #NAME? | BG15: =+$F15 -> 0 | BH15: =+$G15 -> 0 | BI15: {=+IF(_xludf.XLOOKUP($H15,$AY:$AY,$AZ:$AZ,"-",0)=BF10,$H15,"-")} -> #NAME? | BK15: =+O15 -> Suiza | BL15: =+COUNTIFS($BE:$BE,"OK",$BI:$BI,BK15)+COUNTIFS($BE:$BE,"OK",$BF:$BF,BK15) -> 0 | BM15: =+COUNTIFS(J:J,$BK15,$BE:$BE,"OK") -> 0 | BN15: =+COUNTIFS(K:K,$BK15,$BE:$BE,"OK")+COUNTIFS(L:L,$BK15,$BE:$BE,"OK") -> 0 | BO15: =+COUNTIFS(M:M,$BK15,$BE:$BE,"OK") -> 0 | BP15: =+BQ15-BR15 -> 0 | BQ15: =+SUMIFS(BG:BG,$BE:$BE,"OK",BF:BF,$BK15)+SUMIFS(BH:BH,$BE:$BE,"OK",BI:BI,$BK15) -> 0 | BR15: =+SUMIFS(BH:BH,$BE:$BE,"OK",BF:BF,$BK15)+SUMIFS(BG:BG,$BE:$BE,"OK",BI:BI,$BK15) -> 0 | BS15: =+BM15*3+BN15*1+BP15/100+BQ15/10000 -> 0 | BT15: {=+IF(BL15=0,0,_xludf.XLOOKUP(BS15,BV12:BV15,BW12:BW15))} -> 0 | BV15: =+LARGE(BS12:BS15,4) -> 0 | BW15: =+BX15/$BW$1 -> 0 | BX15: 0 | BY15: =+IF(OR(BZ15="-",CC15="-"),"-","OK") -> #NAME? | BZ15: {=+IF(_xludf.XLOOKUP($E15,$AY:$AY,$AZ:$AZ,"-",0)=BZ10,$E15,"-")} -> #NAME? | CA15: =+$F15 -> 0 | CB15: =+$G15 -> 0 | CC15: {=+IF(_xludf.XLOOKUP($H15,$AY:$AY,$AZ:$AZ,"-",0)=BZ10,$H15,"-")} -> #NAME? | CE15: =+BK15 -> Suiza | CF15: =+COUNTIFS($BY:$BY,"OK",$CC:$CC,CE15)+COUNTIFS($BY:$BY,"OK",$BZ:$BZ,CE15) -> 0 | CG15: =+COUNTIFS(P:P,$BK15,$BY:$BY,"OK") -> 0 | CH15: =+COUNTIFS(K:K,$BK15,$BY:$BY,"OK")+COUNTIFS(L:L,$BK15,$BY:$BY,"OK") -> 0 | CI15: =+COUNTIFS(M:M,$CE15,$BY:$BY,"OK") -> 0 | CJ15: =+CK15-CL15 -> 0 | CK15: =+SUMIFS(CA:CA,$BY:$BY,"OK",BZ:BZ,$BK15)+SUMIFS(CB:CB,$BY:$BY,"OK",CC:CC,$BK15) -> 0 | CL15: =+SUMIFS(CB:CB,$BY:$BY,"OK",BZ:BZ,$BK15)+SUMIFS(CA:CA,$BY:$BY,"OK",CC:CC,$BK15) -> 0 | CM15: =+CG15*3+CH15*1+CJ15/100+CK15/10000 -> 0 | CN15: {=+IF(CF15=0,0,_xludf.XLOOKUP(CM15,CP12:CP15,CQ12:CQ15))} -> 0 | CP15: =+LARGE(CM12:CM15,4) -> 0 | CQ15: =+CR15/$BW$1 -> 0 | CR15: 0 | CW15: =+ROUNDDOWN(RAND()*4,0) -> 0
A16: GB5 | B16: 46197 | E16: Suiza | F16: 2 | G16: 0 | H16: Canada | J16: =IF(OR(ISBLANK(F16),ISBLANK(G16)),"",IF(F16>G16,E16,IF(G16>F16,H16,""))) -> Suiza | K16: =IF(OR(ISBLANK(F16),ISBLANK(G16)),"",IF(F16=G16,E16,"")) | L16: =IF(OR(ISBLANK(F16),ISBLANK(G16)),"",IF(F16=G16,H16,"")) | M16: =IF(OR(ISBLANK(F16),ISBLANK(G16)),"",IF(F16<G16,E16,IF(G16<F16,H16,""))) -> Canada | AL16: Completo? | AM16: =+IF(SUM(AA12:AA15)=12,"si","no") -> si | BE16: =+IF(OR(BF16="-",BI16="-",BF10=0),"-","OK") -> #NAME? | BF16: {=+IF(_xludf.XLOOKUP($E16,$AY:$AY,$AZ:$AZ,"-",0)=BF10,$E16,"-")} -> #NAME? | BG16: =+$F16 -> 2 | BH16: =+$G16 -> 0 | BI16: {=+IF(_xludf.XLOOKUP($H16,$AY:$AY,$AZ:$AZ,"-",0)=BF10,$H16,"-")} -> #NAME? | BY16: =+IF(OR(BZ16="-",CC16="-"),"-","OK") -> #NAME? | BZ16: {=+IF(_xludf.XLOOKUP($E16,$AY:$AY,$AZ:$AZ,"-",0)=BZ10,$E16,"-")} -> #NAME? | CA16: =+$F16 -> 2 | CB16: =+$G16 -> 0 | CC16: {=+IF(_xludf.XLOOKUP($H16,$AY:$AY,$AZ:$AZ,"-",0)=BZ10,$H16,"-")} -> #NAME?
A17: GB6 | B17: 46197 | E17: Bosnia | F17: 2 | G17: 0 | H17: Qatar | J17: =IF(OR(ISBLANK(F17),ISBLANK(G17)),"",IF(F17>G17,E17,IF(G17>F17,H17,""))) -> Bosnia | K17: =IF(OR(ISBLANK(F17),ISBLANK(G17)),"",IF(F17=G17,E17,"")) | L17: =IF(OR(ISBLANK(F17),ISBLANK(G17)),"",IF(F17=G17,H17,"")) | M17: =IF(OR(ISBLANK(F17),ISBLANK(G17)),"",IF(F17<G17,E17,IF(G17<F17,H17,""))) -> Qatar | Y17: Hay equipos empatados: completar tabla para definir sorteo (valores del 1 al 4, el 4 pasa de ronda) | AR17: =+IF(AND(AM16="si",OR(AR12=1,AR13=1,AR14=1)),1,0) -> 0 | BE17: =+IF(OR(BF17="-",BI17="-",BF10=0),"-","OK") -> #NAME? | BF17: {=+IF(_xludf.XLOOKUP($E17,$AY:$AY,$AZ:$AZ,"-",0)=BF10,$E17,"-")} -> #NAME? | BG17: =+$F17 -> 2 | BH17: =+$G17 -> 0 | BI17: {=+IF(_xludf.XLOOKUP($H17,$AY:$AY,$AZ:$AZ,"-",0)=BF10,$H17,"-")} -> #NAME? | BY17: =+IF(OR(BZ17="-",CC17="-"),"-","OK") -> #NAME? | BZ17: {=+IF(_xludf.XLOOKUP($E17,$AY:$AY,$AZ:$AZ,"-",0)=BZ10,$E17,"-")} -> #NAME? | CA17: =+$F17 -> 2 | CB17: =+$G17 -> 0 | CC17: {=+IF(_xludf.XLOOKUP($H17,$AY:$AY,$AZ:$AZ,"-",0)=BZ10,$H17,"-")} -> #NAME?
BF19: =+IF(BA21>1,AZ21,IF(BA22>1,AZ22,IF(BA23>1,AZ23,IF(BA24>1,AZ24,"-")))) -> - | BW19: 10 | BZ19: =+IF(BC21>1,BB21,IF(BC22>1,BB22,IF(BC23>1,BB23,IF(BC24>1,BB24,"-")))) -> 6 | CQ19: 10
A20: Partido | B20: Fecha | C20: Sede | E20: Grupo C | J20: G | K20: E | L20: E | M20: P | O20: =+E20 -> Grupo C | P20: G | Q20: E | R20: P | S20: Dif | T20: G+ | U20: G- | V20: Ptos | Y20: Grupo C | AA20: J | AB20: G | AC20: E | AD20: P | AE20: Dif | AF20: G+ | AG20: G- | AH20: Ptos | AL20: Ptos | AM20: check | AY20: Empate 1 | AZ20: Ptos | BA20: Empate? | BL20: J | BM20: G | BN20: E | BO20: P | BP20: Dif | BQ20: G+ | BR20: G- | BS20: Ptos | BT20: Extra | BV20: Orden | BW20: Extra | CF20: J | CG20: G | CH20: E | CI20: P | CJ20: Dif | CK20: G+ | CL20: G- | CM20: Ptos | CN20: Extra | CP20: Orden | CQ20: Extra
A21: GC1 | B21: 46186 | E21: Brasil | F21: 2 | G21: 1 | H21: Marruecos | J21: =IF(OR(ISBLANK(F21),ISBLANK(G21)),"",IF(F21>G21,E21,IF(G21>F21,H21,""))) -> Brasil | K21: =IF(OR(ISBLANK(F21),ISBLANK(G21)),"",IF(F21=G21,E21,"")) | L21: =IF(OR(ISBLANK(F21),ISBLANK(G21)),"",IF(F21=G21,H21,"")) | M21: =IF(OR(ISBLANK(F21),ISBLANK(G21)),"",IF(F21<G21,E21,IF(G21<F21,H21,""))) -> Marruecos | O21: =+E21 -> Brasil | P21: =+COUNTIF(J21:J26,"="&$O21) -> 3 | Q21: =+COUNTIF(K21:L26,"="&$O21) -> 0 | R21: =+COUNTIF(M21:M26,"="&$O21) -> 0 | S21: =+T21-U21 -> 6 | T21: =+SUMIF(E21:E26,$O21,F21:F26)+SUMIF(H21:H26,$O21,G21:G26) -> 7 | U21: =+SUMIF(E21:E26,$O21,G21:G26)+SUMIF(H21:H26,$O21,F21:F26) -> 1 | V21: =+P21*3+Q21*1+BT21+CN21+S21/1000+T21/10000+AV21/1000000+ROW()/10000000 -> 9.0067021 | W21: =+O21 -> Brasil | Y21: =+CONCATENATE("1",RIGHT(E20,1)) -> 1C | Z21: =+VLOOKUP(AL21,V21:W24,2,FALSE) -> Brasil | AA21: =+SUM(AB21:AD21) -> 3 | AB21: =+VLOOKUP($Z21,$O$21:$U$24,COLUMN()-26,FALSE) -> 3 | AC21: =+VLOOKUP($Z21,$O$21:$U$24,COLUMN()-26,FALSE) -> 0 | AD21: =+VLOOKUP($Z21,$O$21:$U$24,COLUMN()-26,FALSE) -> 0 | AE21: =+VLOOKUP($Z21,$O$21:$U$24,COLUMN()-26,FALSE) -> 6 | AF21: =+VLOOKUP($Z21,$O$21:$U$24,COLUMN()-26,FALSE) -> 7 | AG21: =+VLOOKUP($Z21,$O$21:$U$24,COLUMN()-26,FALSE) -> 1 | AH21: =+VLOOKUP($Z21,$O$21:$V$24,COLUMN()-26,FALSE) -> 9.0067021 | AL21: =+LARGE(V21:V24,1) -> 9.0067021 | AM21: =+(AH21-AL21)*100000000000000000000 -> 0 | AP21: =+O21 -> Brasil | AQ21: =+P21*3+Q21*1+BT21+CN21+S21/1000+T21/10000 -> 9.0067 | AR21: =+IF(OR(AQ21=AQ22,AQ21=AQ23,AQ21=AQ24),1) -> FALSE | AS21: =+AV21 -> 0 | AT21: =+IF(AND(AM25="si",OR(AR21=1,AR22=1,AR23=1)),1,0) -> 0 | AU21: =+O21 -> Brasil | AX21: =+Y20 -> Grupo C | AY21: =+O21 -> Brasil | AZ21: =+P21*3+Q21 -> 9 | BA21: =+COUNTIFS($AX$1:AX21,AX21,$AZ$1:AZ21,AZ21) -> 1 | BB21: =+IF(AZ21=BF19,ROW()*0.001,AZ21) -> 9 | BC21: =+COUNTIFS($AX$1:AZ21,AZ21,$AZ$1:BB21,BB21) -> 1 | BE21: =+IF(OR(BF21="-",BI21="-",BF19=0),"-","OK") -> #NAME? | BF21: {=+IF(_xludf.XLOOKUP($E21,$AY:$AY,$AZ:$AZ,"-",0)=BF19,$E21,"-")} -> #NAME? | BG21: =+$F21 -> 2 | BH21: =+$G21 -> 1 | BI21: {=+IF(_xludf.XLOOKUP($H21,$AY:$AY,$AZ:$AZ,"-",0)=BF19,$H21,"-")} -> #NAME? | BK21: =+O21 -> Brasil | BL21: =+COUNTIFS($BE:$BE,"OK",$BI:$BI,BK21)+COUNTIFS($BE:$BE,"OK",$BF:$BF,BK21) -> 0 | BM21: =+COUNTIFS(J:J,$BK21,$BE:$BE,"OK") -> 0 | BN21: =+COUNTIFS(K:K,$BK21,$BE:$BE,"OK")+COUNTIFS(L:L,$BK21,$BE:$BE,"OK") -> 0 | BO21: =+COUNTIFS(M:M,$BK21,$BE:$BE,"OK") -> 0 | BP21: =+BQ21-BR21 -> 0 | BQ21: =+SUMIFS(BG:BG,$BE:$BE,"OK",BF:BF,$BK21)+SUMIFS(BH:BH,$BE:$BE,"OK",BI:BI,$BK21) -> 0 | BR21: =+SUMIFS(BH:BH,$BE:$BE,"OK",BF:BF,$BK21)+SUMIFS(BG:BG,$BE:$BE,"OK",BI:BI,$BK21) -> 0 | BS21: =+BM21*3+BN21*1+BP21/100+BQ21/10000 -> 0 | BT21: {=+IF(BL21=0,0,_xludf.XLOOKUP(BS21,BV21:BV24,BW21:BW24))} -> 0 | BV21: =+LARGE(BS21:BS24,1) -> 0 | BW21: =+BX21/$BW$1 -> 0.3 | BX21: 3 | BY21: =+IF(OR(BZ21="-",CC21="-"),"-","OK") -> #NAME? | BZ21: {=+IF(_xludf.XLOOKUP($E21,$AY:$AY,$AZ:$AZ,"-",0)=BZ19,$E21,"-")} -> #NAME? | CA21: =+$F21 -> 2 | CB21: =+$G21 -> 1 | CC21: {=+IF(_xludf.XLOOKUP($H21,$AY:$AY,$AZ:$AZ,"-",0)=BZ19,$H21,"-")} -> #NAME? | CE21: =+BK21 -> Brasil | CF21: =+COUNTIFS($BY:$BY,"OK",$CC:$CC,CE21)+COUNTIFS($BY:$BY,"OK",$BZ:$BZ,CE21) -> 0 | CG21: =+COUNTIFS(P:P,$BK21,$BY:$BY,"OK") -> 0 | CH21: =+COUNTIFS(K:K,$BK21,$BY:$BY,"OK")+COUNTIFS(L:L,$BK21,$BY:$BY,"OK") -> 0 | CI21: =+COUNTIFS(M:M,$CE21,$BY:$BY,"OK") -> 0 | CJ21: =+CK21-CL21 -> 0 | CK21: =+SUMIFS(CA:CA,$BY:$BY,"OK",BZ:BZ,$BK21)+SUMIFS(CB:CB,$BY:$BY,"OK",CC:CC,$BK21) -> 0 | CL21: =+SUMIFS(CB:CB,$BY:$BY,"OK",BZ:BZ,$BK21)+SUMIFS(CA:CA,$BY:$BY,"OK",CC:CC,$BK21) -> 0 | CM21: =+CG21*3+CH21*1+CJ21/100+CK21/10000 -> 0 | CN21: {=+IF(CF21=0,0,_xludf.XLOOKUP(CM21,CP21:CP24,CQ21:CQ24))} -> 0 | CP21: =+LARGE(CM21:CM24,1) -> 0 | CQ21: =+CR21/$BW$1 -> 0.3 | CR21: 3
A22: GC2 | B22: 46186 | E22: Haiti | F22: 0 | G22: 2 | H22: Escocia | J22: =IF(OR(ISBLANK(F22),ISBLANK(G22)),"",IF(F22>G22,E22,IF(G22>F22,H22,""))) -> Escocia | K22: =IF(OR(ISBLANK(F22),ISBLANK(G22)),"",IF(F22=G22,E22,"")) | L22: =IF(OR(ISBLANK(F22),ISBLANK(G22)),"",IF(F22=G22,H22,"")) | M22: =IF(OR(ISBLANK(F22),ISBLANK(G22)),"",IF(F22<G22,E22,IF(G22<F22,H22,""))) -> Haiti | O22: =+H21 -> Marruecos | P22: =+COUNTIF(J21:J26,"="&$O22) -> 2 | Q22: =+COUNTIF(K21:L26,"="&$O22) -> 0 | R22: =+COUNTIF(M21:M26,"="&$O22) -> 1 | S22: =+T22-U22 -> 2 | T22: =+SUMIF(E21:E26,$O22,F21:F26)+SUMIF(H21:H26,$O22,G21:G26) -> 5 | U22: =+SUMIF(E21:E26,$O22,G21:G26)+SUMIF(H21:H26,$O22,F21:F26) -> 3 | V22: =+P22*3+Q22*1+BT22+CN22+S22/1000+T22/10000+AV22/1000000+ROW()/10000000 -> 6.0025022 | W22: =+O22 -> Marruecos | Y22: =+CONCATENATE("2",RIGHT(E20,1)) -> 2C | Z22: =+VLOOKUP(AL22,V21:W24,2,FALSE) -> Marruecos | AA22: =+SUM(AB22:AD22) -> 3 | AB22: =+VLOOKUP($Z22,$O$21:$U$24,COLUMN()-26,FALSE) -> 2 | AC22: =+VLOOKUP($Z22,$O$21:$U$24,COLUMN()-26,FALSE) -> 0 | AD22: =+VLOOKUP($Z22,$O$21:$U$24,COLUMN()-26,FALSE) -> 1 | AE22: =+VLOOKUP($Z22,$O$21:$U$24,COLUMN()-26,FALSE) -> 2 | AF22: =+VLOOKUP($Z22,$O$21:$U$24,COLUMN()-26,FALSE) -> 5 | AG22: =+VLOOKUP($Z22,$O$21:$U$24,COLUMN()-26,FALSE) -> 3 | AH22: =+VLOOKUP($Z22,$O$21:$V$24,COLUMN()-26,FALSE) -> 6.0025022 | AL22: =+LARGE(V21:V24,2) -> 6.0025022 | AM22: =+(AH22-AL22)*100000000000000000000 -> 0 | AP22: =+O22 -> Marruecos | AQ22: =+P22*3+Q22*1+BT22+CN22+S22/1000+T22/10000 -> 6.0025 | AR22: =+IF(OR(AQ22=AQ23,AQ22=AQ24),1) -> FALSE | AS22: =+AV22 -> 0 | AT22: =+IF(AND(AM25="si",OR(AR21=1,AR22=1,AR23=1)),1,0) -> 0 | AU22: =+O22 -> Marruecos | AX22: =+Y20 -> Grupo C | AY22: =+O22 -> Marruecos | AZ22: =+P22*3+Q22 -> 6 | BA22: =+COUNTIFS($AX$1:AX22,AX22,$AZ$1:AZ22,AZ22) -> 1 | BB22: =+IF(AZ22=BF19,ROW()*0.001,AZ22) -> 6 | BC22: =+COUNTIFS($AX$1:AZ22,AZ22,$AZ$1:BB22,BB22) -> 2 | BE22: =+IF(OR(BF22="-",BI22="-",BF19=0),"-","OK") -> #NAME? | BF22: {=+IF(_xludf.XLOOKUP($E22,$AY:$AY,$AZ:$AZ,"-",0)=BF19,$E22,"-")} -> #NAME? | BG22: =+$F22 -> 0 | BH22: =+$G22 -> 2 | BI22: {=+IF(_xludf.XLOOKUP($H22,$AY:$AY,$AZ:$AZ,"-",0)=BF19,$H22,"-")} -> #NAME? | BK22: =+O22 -> Marruecos | BL22: =+COUNTIFS($BE:$BE,"OK",$BI:$BI,BK22)+COUNTIFS($BE:$BE,"OK",$BF:$BF,BK22) -> 0 | BM22: =+COUNTIFS(J:J,$BK22,$BE:$BE,"OK") -> 0 | BN22: =+COUNTIFS(K:K,$BK22,$BE:$BE,"OK")+COUNTIFS(L:L,$BK22,$BE:$BE,"OK") -> 0 | BO22: =+COUNTIFS(M:M,$BK22,$BE:$BE,"OK") -> 0 | BP22: =+BQ22-BR22 -> 0 | BQ22: =+SUMIFS(BG:BG,$BE:$BE,"OK",BF:BF,$BK22)+SUMIFS(BH:BH,$BE:$BE,"OK",BI:BI,$BK22) -> 0 | BR22: =+SUMIFS(BH:BH,$BE:$BE,"OK",BF:BF,$BK22)+SUMIFS(BG:BG,$BE:$BE,"OK",BI:BI,$BK22) -> 0 | BS22: =+BM22*3+BN22*1+BP22/100+BQ22/10000 -> 0 | BT22: {=+IF(BL22=0,0,_xludf.XLOOKUP(BS22,BV21:BV24,BW21:BW24))} -> 0 | BV22: =+LARGE(BS21:BS24,2) -> 0 | BW22: =+BX22/$BW$1 -> 0.2 | BX22: 2 | BY22: =+IF(OR(BZ22="-",CC22="-"),"-","OK") -> #NAME? | BZ22: {=+IF(_xludf.XLOOKUP($E22,$AY:$AY,$AZ:$AZ,"-",0)=BZ19,$E22,"-")} -> #NAME? | CA22: =+$F22 -> 0 | CB22: =+$G22 -> 2 | CC22: {=+IF(_xludf.XLOOKUP($H22,$AY:$AY,$AZ:$AZ,"-",0)=BZ19,$H22,"-")} -> #NAME? | CE22: =+BK22 -> Marruecos | CF22: =+COUNTIFS($BY:$BY,"OK",$CC:$CC,CE22)+COUNTIFS($BY:$BY,"OK",$BZ:$BZ,CE22) -> 0 | CG22: =+COUNTIFS(P:P,$BK22,$BY:$BY,"OK") -> 0 | CH22: =+COUNTIFS(K:K,$BK22,$BY:$BY,"OK")+COUNTIFS(L:L,$BK22,$BY:$BY,"OK") -> 0 | CI22: =+COUNTIFS(M:M,$CE22,$BY:$BY,"OK") -> 0 | CJ22: =+CK22-CL22 -> 0 | CK22: =+SUMIFS(CA:CA,$BY:$BY,"OK",BZ:BZ,$BK22)+SUMIFS(CB:CB,$BY:$BY,"OK",CC:CC,$BK22) -> 0 | CL22: =+SUMIFS(CB:CB,$BY:$BY,"OK",BZ:BZ,$BK22)+SUMIFS(CA:CA,$BY:$BY,"OK",CC:CC,$BK22) -> 0 | CM22: =+CG22*3+CH22*1+CJ22/100+CK22/10000 -> 0 | CN22: {=+IF(CF22=0,0,_xludf.XLOOKUP(CM22,CP21:CP24,CQ21:CQ24))} -> 0 | CP22: =+LARGE(CM21:CM24,2) -> 0 | CQ22: =+CR22/$BW$1 -> 0.2 | CR22: 2
A23: GC3 | B23: 46192 | E23: Brasil | F23: 3 | G23: 0 | H23: Haiti | J23: =IF(OR(ISBLANK(F23),ISBLANK(G23)),"",IF(F23>G23,E23,IF(G23>F23,H23,""))) -> Brasil | K23: =IF(OR(ISBLANK(F23),ISBLANK(G23)),"",IF(F23=G23,E23,"")) | L23: =IF(OR(ISBLANK(F23),ISBLANK(G23)),"",IF(F23=G23,H23,"")) | M23: =IF(OR(ISBLANK(F23),ISBLANK(G23)),"",IF(F23<G23,E23,IF(G23<F23,H23,""))) -> Haiti | O23: =+E22 -> Haiti | P23: =+COUNTIF(J21:J26,"="&$O23) -> 0 | Q23: =+COUNTIF(K21:L26,"="&$O23) -> 0 | R23: =+COUNTIF(M21:M26,"="&$O23) -> 3 | S23: =+T23-U23 -> -7 | T23: =+SUMIF(E21:E26,$O23,F21:F26)+SUMIF(H21:H26,$O23,G21:G26) -> 0 | U23: =+SUMIF(E21:E26,$O23,G21:G26)+SUMIF(H21:H26,$O23,F21:F26) -> 7 | V23: =+P23*3+Q23*1+BT23+CN23+S23/1000+T23/10000+AV23/1000000+ROW()/10000000 -> -0.0069977 | W23: =+O23 -> Haiti | Y23: =+CONCATENATE("3",RIGHT(E20,1)) -> 3C | Z23: =+VLOOKUP(AL23,V21:W24,2,FALSE) -> Escocia | AA23: =+SUM(AB23:AD23) -> 3 | AB23: =+VLOOKUP($Z23,$O$21:$U$24,COLUMN()-26,FALSE) -> 1 | AC23: =+VLOOKUP($Z23,$O$21:$U$24,COLUMN()-26,FALSE) -> 0 | AD23: =+VLOOKUP($Z23,$O$21:$U$24,COLUMN()-26,FALSE) -> 2 | AE23: =+VLOOKUP($Z23,$O$21:$U$24,COLUMN()-26,FALSE) -> -1 | AF23: =+VLOOKUP($Z23,$O$21:$U$24,COLUMN()-26,FALSE) -> 3 | AG23: =+VLOOKUP($Z23,$O$21:$U$24,COLUMN()-26,FALSE) -> 4 | AH23: =+VLOOKUP($Z23,$O$21:$V$24,COLUMN()-26,FALSE) -> 2.9993024 | AI23: =+(COUNTIFS($CV$2:$CV$13,Z23,$CX$2:$CX$13,"IN")+COUNTIFS($CV$2:$CV$13,Z23,$CW$2:$CW$13,"IN"))*IF(SUM(AA21:AA24)=12,1,0) -> 1 | AL23: =+LARGE(V21:V24,3) -> 2.9993024 | AM23: =+(AH23-AL23)*100000000000000000000 -> 0 | AP23: =+O23 -> Haiti | AQ23: =+P23*3+Q23*1+BT23+CN23+S23/1000+T23/10000 -> -0.007 | AR23: =+IF(OR(AQ23=AQ24),1) -> FALSE | AS23: =+AV23 -> 0 | AT23: =+IF(AND(AM25="si",OR(AR21=1,AR22=1,AR23=1)),1,0) -> 0 | AU23: =+O23 -> Haiti | AX23: =+Y20 -> Grupo C | AY23: =+O23 -> Haiti | AZ23: =+P23*3+Q23 -> 0 | BA23: =+COUNTIFS($AX$1:AX23,AX23,$AZ$1:AZ23,AZ23) -> 1 | BB23: =+IF(AZ23=BF19,ROW()*0.001,AZ23) -> 0 | BC23: =+COUNTIFS($AX$1:AZ23,AZ23,$AZ$1:BB23,BB23) -> 2 | BE23: =+IF(OR(BF23="-",BI23="-",BF19=0),"-","OK") -> #NAME? | BF23: {=+IF(_xludf.XLOOKUP($E23,$AY:$AY,$AZ:$AZ,"-",0)=BF19,$E23,"-")} -> #NAME? | BG23: =+$F23 -> 3 | BH23: =+$G23 -> 0 | BI23: {=+IF(_xludf.XLOOKUP($H23,$AY:$AY,$AZ:$AZ,"-",0)=BF19,$H23,"-")} -> #NAME? | BK23: =+O23 -> Haiti | BL23: =+COUNTIFS($BE:$BE,"OK",$BI:$BI,BK23)+COUNTIFS($BE:$BE,"OK",$BF:$BF,BK23) -> 0 | BM23: =+COUNTIFS(J:J,$BK23,$BE:$BE,"OK") -> 0 | BN23: =+COUNTIFS(K:K,$BK23,$BE:$BE,"OK")+COUNTIFS(L:L,$BK23,$BE:$BE,"OK") -> 0 | BO23: =+COUNTIFS(M:M,$BK23,$BE:$BE,"OK") -> 0 | BP23: =+BQ23-BR23 -> 0 | BQ23: =+SUMIFS(BG:BG,$BE:$BE,"OK",BF:BF,$BK23)+SUMIFS(BH:BH,$BE:$BE,"OK",BI:BI,$BK23) -> 0 | BR23: =+SUMIFS(BH:BH,$BE:$BE,"OK",BF:BF,$BK23)+SUMIFS(BG:BG,$BE:$BE,"OK",BI:BI,$BK23) -> 0 | BS23: =+BM23*3+BN23*1+BP23/100+BQ23/10000 -> 0 | BT23: {=+IF(BL23=0,0,_xludf.XLOOKUP(BS23,BV21:BV24,BW21:BW24))} -> 0 | BV23: =+LARGE(BS21:BS24,3) -> 0 | BW23: =+BX23/$BW$1 -> 0.1 | BX23: 1 | BY23: =+IF(OR(BZ23="-",CC23="-"),"-","OK") -> #NAME? | BZ23: {=+IF(_xludf.XLOOKUP($E23,$AY:$AY,$AZ:$AZ,"-",0)=BZ19,$E23,"-")} -> #NAME? | CA23: =+$F23 -> 3 | CB23: =+$G23 -> 0 | CC23: {=+IF(_xludf.XLOOKUP($H23,$AY:$AY,$AZ:$AZ,"-",0)=BZ19,$H23,"-")} -> #NAME? | CE23: =+BK23 -> Haiti | CF23: =+COUNTIFS($BY:$BY,"OK",$CC:$CC,CE23)+COUNTIFS($BY:$BY,"OK",$BZ:$BZ,CE23) -> 0 | CG23: =+COUNTIFS(P:P,$BK23,$BY:$BY,"OK") -> 0 | CH23: =+COUNTIFS(K:K,$BK23,$BY:$BY,"OK")+COUNTIFS(L:L,$BK23,$BY:$BY,"OK") -> 0 | CI23: =+COUNTIFS(M:M,$CE23,$BY:$BY,"OK") -> 0 | CJ23: =+CK23-CL23 -> 0 | CK23: =+SUMIFS(CA:CA,$BY:$BY,"OK",BZ:BZ,$BK23)+SUMIFS(CB:CB,$BY:$BY,"OK",CC:CC,$BK23) -> 0 | CL23: =+SUMIFS(CB:CB,$BY:$BY,"OK",BZ:BZ,$BK23)+SUMIFS(CA:CA,$BY:$BY,"OK",CC:CC,$BK23) -> 0 | CM23: =+CG23*3+CH23*1+CJ23/100+CK23/10000 -> 0 | CN23: {=+IF(CF23=0,0,_xludf.XLOOKUP(CM23,CP21:CP24,CQ21:CQ24))} -> 0 | CP23: =+LARGE(CM21:CM24,3) -> 0 | CQ23: =+CR23/$BW$1 -> 0.1 | CR23: 1
A24: GC4 | B24: 46192 | E24: Escocia | F24: 1 | G24: 2 | H24: Marruecos | J24: =IF(OR(ISBLANK(F24),ISBLANK(G24)),"",IF(F24>G24,E24,IF(G24>F24,H24,""))) -> Marruecos | K24: =IF(OR(ISBLANK(F24),ISBLANK(G24)),"",IF(F24=G24,E24,"")) | L24: =IF(OR(ISBLANK(F24),ISBLANK(G24)),"",IF(F24=G24,H24,"")) | M24: =IF(OR(ISBLANK(F24),ISBLANK(G24)),"",IF(F24<G24,E24,IF(G24<F24,H24,""))) -> Escocia | O24: =+H22 -> Escocia | P24: =+COUNTIF(J21:J26,"="&$O24) -> 1 | Q24: =+COUNTIF(K21:L26,"="&$O24) -> 0 | R24: =+COUNTIF(M21:M26,"="&$O24) -> 2 | S24: =+T24-U24 -> -1 | T24: =+SUMIF(E21:E26,$O24,F21:F26)+SUMIF(H21:H26,$O24,G21:G26) -> 3 | U24: =+SUMIF(E21:E26,$O24,G21:G26)+SUMIF(H21:H26,$O24,F21:F26) -> 4 | V24: =+P24*3+Q24*1+BT24+CN24+S24/1000+T24/10000+AV24/1000000+ROW()/10000000 -> 2.9993024 | W24: =+O24 -> Escocia | Y24: =+CONCATENATE("4",RIGHT(E20,1)) -> 4C | Z24: =+VLOOKUP(AL24,V21:W24,2,FALSE) -> Haiti | AA24: =+SUM(AB24:AD24) -> 3 | AB24: =+VLOOKUP($Z24,$O$21:$U$24,COLUMN()-26,FALSE) -> 0 | AC24: =+VLOOKUP($Z24,$O$21:$U$24,COLUMN()-26,FALSE) -> 0 | AD24: =+VLOOKUP($Z24,$O$21:$U$24,COLUMN()-26,FALSE) -> 3 | AE24: =+VLOOKUP($Z24,$O$21:$U$24,COLUMN()-26,FALSE) -> -7 | AF24: =+VLOOKUP($Z24,$O$21:$U$24,COLUMN()-26,FALSE) -> 0 | AG24: =+VLOOKUP($Z24,$O$21:$U$24,COLUMN()-26,FALSE) -> 7 | AH24: =+VLOOKUP($Z24,$O$21:$V$24,COLUMN()-26,FALSE) -> -0.0069977 | AL24: =+LARGE(V21:V24,4) -> -0.0069977 | AM24: =+(AH24-AL24)*100000000000000000000 -> 0 | AP24: =+O24 -> Escocia | AQ24: =+P24*3+Q24*1+BT24+CN24+S24/1000+T24/10000 -> 2.9993 | AS24: =+AV24 -> 0 | AT24: =+IF(AND(AM25="si",OR(AR21=1,AR22=1,AR23=1)),1,0) -> 0 | AU24: =+O24 -> Escocia | AX24: =+Y20 -> Grupo C | AY24: =+O24 -> Escocia | AZ24: =+P24*3+Q24 -> 3 | BA24: =+COUNTIFS($AX$1:AX24,AX24,$AZ$1:AZ24,AZ24) -> 1 | BB24: =+IF(AZ24=BF19,ROW()*0.001,AZ24) -> 3 | BC24: =+COUNTIFS($AX$1:AZ24,AZ24,$AZ$1:BB24,BB24) -> 1 | BE24: =+IF(OR(BF24="-",BI24="-",BF19=0),"-","OK") -> #NAME? | BF24: {=+IF(_xludf.XLOOKUP($E24,$AY:$AY,$AZ:$AZ,"-",0)=BF19,$E24,"-")} -> #NAME? | BG24: =+$F24 -> 1 | BH24: =+$G24 -> 2 | BI24: {=+IF(_xludf.XLOOKUP($H24,$AY:$AY,$AZ:$AZ,"-",0)=BF19,$H24,"-")} -> #NAME? | BK24: =+O24 -> Escocia | BL24: =+COUNTIFS($BE:$BE,"OK",$BI:$BI,BK24)+COUNTIFS($BE:$BE,"OK",$BF:$BF,BK24) -> 0 | BM24: =+COUNTIFS(J:J,$BK24,$BE:$BE,"OK") -> 0 | BN24: =+COUNTIFS(K:K,$BK24,$BE:$BE,"OK")+COUNTIFS(L:L,$BK24,$BE:$BE,"OK") -> 0 | BO24: =+COUNTIFS(M:M,$BK24,$BE:$BE,"OK") -> 0 | BP24: =+BQ24-BR24 -> 0 | BQ24: =+SUMIFS(BG:BG,$BE:$BE,"OK",BF:BF,$BK24)+SUMIFS(BH:BH,$BE:$BE,"OK",BI:BI,$BK24) -> 0 | BR24: =+SUMIFS(BH:BH,$BE:$BE,"OK",BF:BF,$BK24)+SUMIFS(BG:BG,$BE:$BE,"OK",BI:BI,$BK24) -> 0 | BS24: =+BM24*3+BN24*1+BP24/100+BQ24/10000 -> 0 | BT24: {=+IF(BL24=0,0,_xludf.XLOOKUP(BS24,BV21:BV24,BW21:BW24))} -> 0 | BV24: =+LARGE(BS21:BS24,4) -> 0 | BW24: =+BX24/$BW$1 -> 0 | BX24: 0 | BY24: =+IF(OR(BZ24="-",CC24="-"),"-","OK") -> #NAME? | BZ24: {=+IF(_xludf.XLOOKUP($E24,$AY:$AY,$AZ:$AZ,"-",0)=BZ19,$E24,"-")} -> #NAME? | CA24: =+$F24 -> 1 | CB24: =+$G24 -> 2 | CC24: {=+IF(_xludf.XLOOKUP($H24,$AY:$AY,$AZ:$AZ,"-",0)=BZ19,$H24,"-")} -> #NAME? | CE24: =+BK24 -> Escocia | CF24: =+COUNTIFS($BY:$BY,"OK",$CC:$CC,CE24)+COUNTIFS($BY:$BY,"OK",$BZ:$BZ,CE24) -> 0 | CG24: =+COUNTIFS(P:P,$BK24,$BY:$BY,"OK") -> 0 | CH24: =+COUNTIFS(K:K,$BK24,$BY:$BY,"OK")+COUNTIFS(L:L,$BK24,$BY:$BY,"OK") -> 0 | CI24: =+COUNTIFS(M:M,$CE24,$BY:$BY,"OK") -> 0 | CJ24: =+CK24-CL24 -> 0 | CK24: =+SUMIFS(CA:CA,$BY:$BY,"OK",BZ:BZ,$BK24)+SUMIFS(CB:CB,$BY:$BY,"OK",CC:CC,$BK24) -> 0 | CL24: =+SUMIFS(CB:CB,$BY:$BY,"OK",BZ:BZ,$BK24)+SUMIFS(CA:CA,$BY:$BY,"OK",CC:CC,$BK24) -> 0 | CM24: =+CG24*3+CH24*1+CJ24/100+CK24/10000 -> 0 | CN24: {=+IF(CF24=0,0,_xludf.XLOOKUP(CM24,CP21:CP24,CQ21:CQ24))} -> 0 | CP24: =+LARGE(CM21:CM24,4) -> 0 | CQ24: =+CR24/$BW$1 -> 0 | CR24: 0
A25: GC5 | B25: 46197 | E25: Escocia | F25: 0 | G25: 2 | H25: Brasil | J25: =IF(OR(ISBLANK(F25),ISBLANK(G25)),"",IF(F25>G25,E25,IF(G25>F25,H25,""))) -> Brasil | K25: =IF(OR(ISBLANK(F25),ISBLANK(G25)),"",IF(F25=G25,E25,"")) | L25: =IF(OR(ISBLANK(F25),ISBLANK(G25)),"",IF(F25=G25,H25,"")) | M25: =IF(OR(ISBLANK(F25),ISBLANK(G25)),"",IF(F25<G25,E25,IF(G25<F25,H25,""))) -> Escocia | AL25: Completo? | AM25: =+IF(SUM(AA21:AA24)=12,"si","no") -> si | BE25: =+IF(OR(BF25="-",BI25="-",BF19=0),"-","OK") -> #NAME? | BF25: {=+IF(_xludf.XLOOKUP($E25,$AY:$AY,$AZ:$AZ,"-",0)=BF19,$E25,"-")} -> #NAME? | BG25: =+$F25 -> 0 | BH25: =+$G25 -> 2 | BI25: {=+IF(_xludf.XLOOKUP($H25,$AY:$AY,$AZ:$AZ,"-",0)=BF19,$H25,"-")} -> #NAME? | BY25: =+IF(OR(BZ25="-",CC25="-"),"-","OK") -> #NAME? | BZ25: {=+IF(_xludf.XLOOKUP($E25,$AY:$AY,$AZ:$AZ,"-",0)=BZ19,$E25,"-")} -> #NAME? | CA25: =+$F25 -> 0 | CB25: =+$G25 -> 2 | CC25: {=+IF(_xludf.XLOOKUP($H25,$AY:$AY,$AZ:$AZ,"-",0)=BZ19,$H25,"-")} -> #NAME?
A26: GC6 | B26: 46197 | E26: Marruecos | F26: 2 | G26: 0 | H26: Haiti | J26: =IF(OR(ISBLANK(F26),ISBLANK(G26)),"",IF(F26>G26,E26,IF(G26>F26,H26,""))) -> Marruecos | K26: =IF(OR(ISBLANK(F26),ISBLANK(G26)),"",IF(F26=G26,E26,"")) | L26: =IF(OR(ISBLANK(F26),ISBLANK(G26)),"",IF(F26=G26,H26,"")) | M26: =IF(OR(ISBLANK(F26),ISBLANK(G26)),"",IF(F26<G26,E26,IF(G26<F26,H26,""))) -> Haiti | Y26: Hay equipos empatados: completar tabla para definir sorteo (valores del 1 al 4, el 4 pasa de ronda) | AR26: =+IF(AND(AM25="si",OR(AR21=1,AR22=1,AR23=1)),1,0) -> 0 | BE26: =+IF(OR(BF26="-",BI26="-",BF19=0),"-","OK") -> #NAME? | BF26: {=+IF(_xludf.XLOOKUP($E26,$AY:$AY,$AZ:$AZ,"-",0)=BF19,$E26,"-")} -> #NAME? | BG26: =+$F26 -> 2 | BH26: =+$G26 -> 0 | BI26: {=+IF(_xludf.XLOOKUP($H26,$AY:$AY,$AZ:$AZ,"-",0)=BF19,$H26,"-")} -> #NAME? | BY26: =+IF(OR(BZ26="-",CC26="-"),"-","OK") -> #NAME? | BZ26: {=+IF(_xludf.XLOOKUP($E26,$AY:$AY,$AZ:$AZ,"-",0)=BZ19,$E26,"-")} -> #NAME? | CA26: =+$F26 -> 2 | CB26: =+$G26 -> 0 | CC26: {=+IF(_xludf.XLOOKUP($H26,$AY:$AY,$AZ:$AZ,"-",0)=BZ19,$H26,"-")} -> #NAME?
BF28: =+IF(BA30>1,AZ30,IF(BA31>1,AZ31,IF(BA32>1,AZ32,IF(BA33>1,AZ33,"-")))) -> 4 | BW28: 10 | BZ28: =+IF(BC30>1,BB30,IF(BC31>1,BB31,IF(BC32>1,BB32,IF(BC33>1,BB33,"-")))) -> 0 | CQ28: 10
A29: Partido | B29: Fecha | C29: Sede | E29: Grupo D | J29: G | K29: E | L29: E | M29: P | O29: =+E29 -> Grupo D | P29: G | Q29: E | R29: P | S29: Dif | T29: G+ | U29: G- | V29: Ptos | Y29: Grupo D | AA29: J | AB29: G | AC29: E | AD29: P | AE29: Dif | AF29: G+ | AG29: G- | AH29: Ptos | AL29: Ptos | AM29: check | AY29: Empate 1 | AZ29: Ptos | BA29: Empate? | BL29: J | BM29: G | BN29: E | BO29: P | BP29: Dif | BQ29: G+ | BR29: G- | BS29: Ptos | BT29: Extra | BV29: Orden | BW29: Extra | CF29: J | CG29: G | CH29: E | CI29: P | CJ29: Dif | CK29: G+ | CL29: G- | CM29: Ptos | CN29: Extra | CP29: Orden | CQ29: Extra
A30: GD1 | B30: 46185 | E30: Estados Unidos | F30: 1 | G30: 1 | H30: Paraguay | J30: =IF(OR(ISBLANK(F30),ISBLANK(G30)),"",IF(F30>G30,E30,IF(G30>F30,H30,""))) | K30: =IF(OR(ISBLANK(F30),ISBLANK(G30)),"",IF(F30=G30,E30,"")) -> Estados Unidos | L30: =IF(OR(ISBLANK(F30),ISBLANK(G30)),"",IF(F30=G30,H30,"")) -> Paraguay | M30: =IF(OR(ISBLANK(F30),ISBLANK(G30)),"",IF(F30<G30,E30,IF(G30<F30,H30,""))) | O30: =+E30 -> Estados Unidos | P30: =+COUNTIF(J30:J35,"="&$O30) -> 1 | Q30: =+COUNTIF(K30:L35,"="&$O30) -> 1 | R30: =+COUNTIF(M30:M35,"="&$O30) -> 1 | S30: =+T30-U30 -> -1 | T30: =+SUMIF(E30:E35,$O30,F30:F35)+SUMIF(H30:H35,$O30,G30:G35) -> 2 | U30: =+SUMIF(E30:E35,$O30,G30:G35)+SUMIF(H30:H35,$O30,F30:F35) -> 3 | V30: =+P30*3+Q30*1+BT30+CN30+S30/1000+T30/10000+AV30/1000000+ROW()/10000000 -> 3.999203 | W30: =+O30 -> Estados Unidos | Y30: =+CONCATENATE("1",RIGHT(E29,1)) -> 1D | Z30: =+VLOOKUP(AL30,V30:W33,2,FALSE) -> Turquia | AA30: =+SUM(AB30:AD30) -> 3 | AB30: =+VLOOKUP($Z30,$O$30:$U$33,COLUMN()-26,FALSE) -> 3 | AC30: =+VLOOKUP($Z30,$O$30:$U$33,COLUMN()-26,FALSE) -> 0 | AD30: =+VLOOKUP($Z30,$O$30:$U$33,COLUMN()-26,FALSE) -> 0 | AE30: =+VLOOKUP($Z30,$O$30:$U$33,COLUMN()-26,FALSE) -> 4 | AF30: =+VLOOKUP($Z30,$O$30:$U$33,COLUMN()-26,FALSE) -> 6 | AG30: =+VLOOKUP($Z30,$O$30:$U$33,COLUMN()-26,FALSE) -> 2 | AH30: =+VLOOKUP($Z30,$O$30:$V$33,COLUMN()-26,FALSE) -> 9.0046033 | AL30: =+LARGE(V30:V33,1) -> 9.0046033 | AM30: =+(AH30-AL30)*100000000000000000000 -> 0 | AP30: =+O30 -> Estados Unidos | AQ30: =+P30*3+Q30*1+BT30+CN30+S30/1000+T30/10000 -> 3.9992 | AR30: =+IF(OR(AQ30=AQ31,AQ30=AQ32,AQ30=AQ33),1) -> FALSE | AS30: =+AV30 -> 0 | AT30: =+IF(AND(AM34="si",OR(AR30=1,AR31=1,AR32=1)),1,0) -> 0 | AU30: =+O30 -> Estados Unidos | AX30: =+Y29 -> Grupo D | AY30: =+O30 -> Estados Unidos | AZ30: =+P30*3+Q30 -> 4 | BA30: =+COUNTIFS($AX$1:AX30,AX30,$AZ$1:AZ30,AZ30) -> 1 | BB30: =+IF(AZ30=BF28,ROW()*0.001,AZ30) -> 0.03 | BC30: =+COUNTIFS($AX$1:AZ30,AZ30,$AZ$1:BB30,BB30) -> 1 | BE30: =+IF(OR(BF30="-",BI30="-",BF28=0),"-","OK") -> #NAME? | BF30: {=+IF(_xludf.XLOOKUP($E30,$AY:$AY,$AZ:$AZ,"-",0)=BF28,$E30,"-")} -> #NAME? | BG30: =+$F30 -> 1 | BH30: =+$G30 -> 1 | BI30: {=+IF(_xludf.XLOOKUP($H30,$AY:$AY,$AZ:$AZ,"-",0)=BF28,$H30,"-")} -> #NAME? | BK30: =+O30 -> Estados Unidos | BL30: =+COUNTIFS($BE:$BE,"OK",$BI:$BI,BK30)+COUNTIFS($BE:$BE,"OK",$BF:$BF,BK30) -> 0 | BM30: =+COUNTIFS(J:J,$BK30,$BE:$BE,"OK") -> 0 | BN30: =+COUNTIFS(K:K,$BK30,$BE:$BE,"OK")+COUNTIFS(L:L,$BK30,$BE:$BE,"OK") -> 0 | BO30: =+COUNTIFS(M:M,$BK30,$BE:$BE,"OK") -> 0 | BP30: =+BQ30-BR30 -> 0 | BQ30: =+SUMIFS(BG:BG,$BE:$BE,"OK",BF:BF,$BK30)+SUMIFS(BH:BH,$BE:$BE,"OK",BI:BI,$BK30) -> 0 | BR30: =+SUMIFS(BH:BH,$BE:$BE,"OK",BF:BF,$BK30)+SUMIFS(BG:BG,$BE:$BE,"OK",BI:BI,$BK30) -> 0 | BS30: =+BM30*3+BN30*1+BP30/100+BQ30/10000 -> 0 | BT30: {=+IF(BL30=0,0,_xludf.XLOOKUP(BS30,BV30:BV33,BW30:BW33))} -> 0 | BV30: =+LARGE(BS30:BS33,1) -> 0 | BW30: =+BX30/$BW$1 -> 0.3 | BX30: 3 | BY30: =+IF(OR(BZ30="-",CC30="-"),"-","OK") -> #NAME? | BZ30: {=+IF(_xludf.XLOOKUP($E30,$AY:$AY,$AZ:$AZ,"-",0)=BZ28,$E30,"-")} -> #NAME? | CA30: =+$F30 -> 1 | CB30: =+$G30 -> 1 | CC30: {=+IF(_xludf.XLOOKUP($H30,$AY:$AY,$AZ:$AZ,"-",0)=BZ28,$H30,"-")} -> #NAME? | CE30: =+BK30 -> Estados Unidos | CF30: =+COUNTIFS($BY:$BY,"OK",$CC:$CC,CE30)+COUNTIFS($BY:$BY,"OK",$BZ:$BZ,CE30) -> 0 | CG30: =+COUNTIFS(P:P,$BK30,$BY:$BY,"OK") -> 0 | CH30: =+COUNTIFS(K:K,$BK30,$BY:$BY,"OK")+COUNTIFS(L:L,$BK30,$BY:$BY,"OK") -> 0 | CI30: =+COUNTIFS(M:M,$CE30,$BY:$BY,"OK") -> 0 | CJ30: =+CK30-CL30 -> 0 | CK30: =+SUMIFS(CA:CA,$BY:$BY,"OK",BZ:BZ,$BK30)+SUMIFS(CB:CB,$BY:$BY,"OK",CC:CC,$BK30) -> 0 | CL30: =+SUMIFS(CB:CB,$BY:$BY,"OK",BZ:BZ,$BK30)+SUMIFS(CA:CA,$BY:$BY,"OK",CC:CC,$BK30) -> 0 | CM30: =+CG30*3+CH30*1+CJ30/100+CK30/10000 -> 0 | CN30: {=+IF(CF30=0,0,_xludf.XLOOKUP(CM30,CP30:CP33,CQ30:CQ33))} -> 0 | CP30: =+LARGE(CM30:CM33,1) -> 0 | CQ30: =+CR30/$BW$1 -> 0.3 | CR30: 3
A31: GD2 | B31: 46187 | E31: Australia | F31: 1 | G31: 2 | H31: Turquia | J31: =IF(OR(ISBLANK(F31),ISBLANK(G31)),"",IF(F31>G31,E31,IF(G31>F31,H31,""))) -> Turquia | K31: =IF(OR(ISBLANK(F31),ISBLANK(G31)),"",IF(F31=G31,E31,"")) | L31: =IF(OR(ISBLANK(F31),ISBLANK(G31)),"",IF(F31=G31,H31,"")) | M31: =IF(OR(ISBLANK(F31),ISBLANK(G31)),"",IF(F31<G31,E31,IF(G31<F31,H31,""))) -> Australia | O31: =+H30 -> Paraguay | P31: =+COUNTIF(J30:J35,"="&$O31) -> 1 | Q31: =+COUNTIF(K30:L35,"="&$O31) -> 1 | R31: =+COUNTIF(M30:M35,"="&$O31) -> 1 | S31: =+T31-U31 -> 1 | T31: =+SUMIF(E30:E35,$O31,F30:F35)+SUMIF(H30:H35,$O31,G30:G35) -> 4 | U31: =+SUMIF(E30:E35,$O31,G30:G35)+SUMIF(H30:H35,$O31,F30:F35) -> 3 | V31: =+P31*3+Q31*1+BT31+CN31+S31/1000+T31/10000+AV31/1000000+ROW()/10000000 -> 4.0014031 | W31: =+O31 -> Paraguay | Y31: =+CONCATENATE("2",RIGHT(E29,1)) -> 2D | Z31: =+VLOOKUP(AL31,V30:W33,2,FALSE) -> Paraguay | AA31: =+SUM(AB31:AD31) -> 3 | AB31: =+VLOOKUP($Z31,$O$30:$U$33,COLUMN()-26,FALSE) -> 1 | AC31: =+VLOOKUP($Z31,$O$30:$U$33,COLUMN()-26,FALSE) -> 1 | AD31: =+VLOOKUP($Z31,$O$30:$U$33,COLUMN()-26,FALSE) -> 1 | AE31: =+VLOOKUP($Z31,$O$30:$U$33,COLUMN()-26,FALSE) -> 1 | AF31: =+VLOOKUP($Z31,$O$30:$U$33,COLUMN()-26,FALSE) -> 4 | AG31: =+VLOOKUP($Z31,$O$30:$U$33,COLUMN()-26,FALSE) -> 3 | AH31: =+VLOOKUP($Z31,$O$30:$V$33,COLUMN()-26,FALSE) -> 4.0014031 | AL31: =+LARGE(V30:V33,2) -> 4.0014031 | AM31: =+(AH31-AL31)*100000000000000000000 -> 0 | AP31: =+O31 -> Paraguay | AQ31: =+P31*3+Q31*1+BT31+CN31+S31/1000+T31/10000 -> 4.0014 | AR31: =+IF(OR(AQ31=AQ32,AQ31=AQ33),1) -> FALSE | AS31: =+AV31 -> 0 | AT31: =+IF(AND(AM34="si",OR(AR30=1,AR31=1,AR32=1)),1,0) -> 0 | AU31: =+O31 -> Paraguay | AX31: =+Y29 -> Grupo D | AY31: =+O31 -> Paraguay | AZ31: =+P31*3+Q31 -> 4 | BA31: =+COUNTIFS($AX$1:AX31,AX31,$AZ$1:AZ31,AZ31) -> 2 | BB31: =+IF(AZ31=BF28,ROW()*0.001,AZ31) -> 0.031 | BC31: =+COUNTIFS($AX$1:AZ31,AZ31,$AZ$1:BB31,BB31) -> 1 | BE31: =+IF(OR(BF31="-",BI31="-",BF28=0),"-","OK") -> #NAME? | BF31: {=+IF(_xludf.XLOOKUP($E31,$AY:$AY,$AZ:$AZ,"-",0)=BF28,$E31,"-")} -> #NAME? | BG31: =+$F31 -> 1 | BH31: =+$G31 -> 2 | BI31: {=+IF(_xludf.XLOOKUP($H31,$AY:$AY,$AZ:$AZ,"-",0)=BF28,$H31,"-")} -> #NAME? | BK31: =+O31 -> Paraguay | BL31: =+COUNTIFS($BE:$BE,"OK",$BI:$BI,BK31)+COUNTIFS($BE:$BE,"OK",$BF:$BF,BK31) -> 0 | BM31: =+COUNTIFS(J:J,$BK31,$BE:$BE,"OK") -> 0 | BN31: =+COUNTIFS(K:K,$BK31,$BE:$BE,"OK")+COUNTIFS(L:L,$BK31,$BE:$BE,"OK") -> 0 | BO31: =+COUNTIFS(M:M,$BK31,$BE:$BE,"OK") -> 0 | BP31: =+BQ31-BR31 -> 0 | BQ31: =+SUMIFS(BG:BG,$BE:$BE,"OK",BF:BF,$BK31)+SUMIFS(BH:BH,$BE:$BE,"OK",BI:BI,$BK31) -> 0 | BR31: =+SUMIFS(BH:BH,$BE:$BE,"OK",BF:BF,$BK31)+SUMIFS(BG:BG,$BE:$BE,"OK",BI:BI,$BK31) -> 0 | BS31: =+BM31*3+BN31*1+BP31/100+BQ31/10000 -> 0 | BT31: {=+IF(BL31=0,0,_xludf.XLOOKUP(BS31,BV30:BV33,BW30:BW33))} -> 0 | BV31: =+LARGE(BS30:BS33,2) -> 0 | BW31: =+BX31/$BW$1 -> 0.2 | BX31: 2 | BY31: =+IF(OR(BZ31="-",CC31="-"),"-","OK") -> #NAME? | BZ31: {=+IF(_xludf.XLOOKUP($E31,$AY:$AY,$AZ:$AZ,"-",0)=BZ28,$E31,"-")} -> #NAME? | CA31: =+$F31 -> 1 | CB31: =+$G31 -> 2 | CC31: {=+IF(_xludf.XLOOKUP($H31,$AY:$AY,$AZ:$AZ,"-",0)=BZ28,$H31,"-")} -> #NAME? | CE31: =+BK31 -> Paraguay | CF31: =+COUNTIFS($BY:$BY,"OK",$CC:$CC,CE31)+COUNTIFS($BY:$BY,"OK",$BZ:$BZ,CE31) -> 0 | CG31: =+COUNTIFS(P:P,$BK31,$BY:$BY,"OK") -> 0 | CH31: =+COUNTIFS(K:K,$BK31,$BY:$BY,"OK")+COUNTIFS(L:L,$BK31,$BY:$BY,"OK") -> 0 | CI31: =+COUNTIFS(M:M,$CE31,$BY:$BY,"OK") -> 0 | CJ31: =+CK31-CL31 -> 0 | CK31: =+SUMIFS(CA:CA,$BY:$BY,"OK",BZ:BZ,$BK31)+SUMIFS(CB:CB,$BY:$BY,"OK",CC:CC,$BK31) -> 0 | CL31: =+SUMIFS(CB:CB,$BY:$BY,"OK",BZ:BZ,$BK31)+SUMIFS(CA:CA,$BY:$BY,"OK",CC:CC,$BK31) -> 0 | CM31: =+CG31*3+CH31*1+CJ31/100+CK31/10000 -> 0 | CN31: {=+IF(CF31=0,0,_xludf.XLOOKUP(CM31,CP30:CP33,CQ30:CQ33))} -> 0 | CP31: =+LARGE(CM30:CM33,2) -> 0 | CQ31: =+CR31/$BW$1 -> 0.2 | CR31: 2
A32: GD3 | B32: 46193 | E32: Turquia | F32: 2 | G32: 1 | H32: Paraguay | J32: =IF(OR(ISBLANK(F32),ISBLANK(G32)),"",IF(F32>G32,E32,IF(G32>F32,H32,""))) -> Turquia | K32: =IF(OR(ISBLANK(F32),ISBLANK(G32)),"",IF(F32=G32,E32,"")) | L32: =IF(OR(ISBLANK(F32),ISBLANK(G32)),"",IF(F32=G32,H32,"")) | M32: =IF(OR(ISBLANK(F32),ISBLANK(G32)),"",IF(F32<G32,E32,IF(G32<F32,H32,""))) -> Paraguay | O32: =+E31 -> Australia | P32: =+COUNTIF(J30:J35,"="&$O32) -> 0 | Q32: =+COUNTIF(K30:L35,"="&$O32) -> 0 | R32: =+COUNTIF(M30:M35,"="&$O32) -> 3 | S32: =+T32-U32 -> -4 | T32: =+SUMIF(E30:E35,$O32,F30:F35)+SUMIF(H30:H35,$O32,G30:G35) -> 1 | U32: =+SUMIF(E30:E35,$O32,G30:G35)+SUMIF(H30:H35,$O32,F30:F35) -> 5 | V32: =+P32*3+Q32*1+BT32+CN32+S32/1000+T32/10000+AV32/1000000+ROW()/10000000 -> -0.0038968 | W32: =+O32 -> Australia | Y32: =+CONCATENATE("3",RIGHT(E29,1)) -> 3D | Z32: =+VLOOKUP(AL32,V30:W33,2,FALSE) -> Estados Unidos | AA32: =+SUM(AB32:AD32) -> 3 | AB32: =+VLOOKUP($Z32,$O$30:$U$33,COLUMN()-26,FALSE) -> 1 | AC32: =+VLOOKUP($Z32,$O$30:$U$33,COLUMN()-26,FALSE) -> 1 | AD32: =+VLOOKUP($Z32,$O$30:$U$33,COLUMN()-26,FALSE) -> 1 | AE32: =+VLOOKUP($Z32,$O$30:$U$33,COLUMN()-26,FALSE) -> -1 | AF32: =+VLOOKUP($Z32,$O$30:$U$33,COLUMN()-26,FALSE) -> 2 | AG32: =+VLOOKUP($Z32,$O$30:$U$33,COLUMN()-26,FALSE) -> 3 | AH32: =+VLOOKUP($Z32,$O$30:$V$33,COLUMN()-26,FALSE) -> 3.999203 | AI32: =+(COUNTIFS($CV$2:$CV$13,Z32,$CX$2:$CX$13,"IN")+COUNTIFS($CV$2:$CV$13,Z32,$CW$2:$CW$13,"IN"))*IF(SUM(AA30:AA33)=12,1,0) -> 1 | AL32: =+LARGE(V30:V33,3) -> 3.999203 | AM32: =+(AH32-AL32)*100000000000000000000 -> 0 | AP32: =+O32 -> Australia | AQ32: =+P32*3+Q32*1+BT32+CN32+S32/1000+T32/10000 -> -0.0039 | AR32: =+IF(OR(AQ32=AQ33),1) -> FALSE | AS32: =+AV32 -> 0 | AT32: =+IF(AND(AM34="si",OR(AR30=1,AR31=1,AR32=1)),1,0) -> 0 | AU32: =+O32 -> Australia | AX32: =+Y29 -> Grupo D | AY32: =+O32 -> Australia | AZ32: =+P32*3+Q32 -> 0 | BA32: =+COUNTIFS($AX$1:AX32,AX32,$AZ$1:AZ32,AZ32) -> 1 | BB32: =+IF(AZ32=BF28,ROW()*0.001,AZ32) -> 0 | BC32: =+COUNTIFS($AX$1:AZ32,AZ32,$AZ$1:BB32,BB32) -> 3 | BE32: =+IF(OR(BF32="-",BI32="-",BF28=0),"-","OK") -> #NAME? | BF32: {=+IF(_xludf.XLOOKUP($E32,$AY:$AY,$AZ:$AZ,"-",0)=BF28,$E32,"-")} -> #NAME? | BG32: =+$F32 -> 2 | BH32: =+$G32 -> 1 | BI32: {=+IF(_xludf.XLOOKUP($H32,$AY:$AY,$AZ:$AZ,"-",0)=BF28,$H32,"-")} -> #NAME? | BK32: =+O32 -> Australia | BL32: =+COUNTIFS($BE:$BE,"OK",$BI:$BI,BK32)+COUNTIFS($BE:$BE,"OK",$BF:$BF,BK32) -> 0 | BM32: =+COUNTIFS(J:J,$BK32,$BE:$BE,"OK") -> 0 | BN32: =+COUNTIFS(K:K,$BK32,$BE:$BE,"OK")+COUNTIFS(L:L,$BK32,$BE:$BE,"OK") -> 0 | BO32: =+COUNTIFS(M:M,$BK32,$BE:$BE,"OK") -> 0 | BP32: =+BQ32-BR32 -> 0 | BQ32: =+SUMIFS(BG:BG,$BE:$BE,"OK",BF:BF,$BK32)+SUMIFS(BH:BH,$BE:$BE,"OK",BI:BI,$BK32) -> 0 | BR32: =+SUMIFS(BH:BH,$BE:$BE,"OK",BF:BF,$BK32)+SUMIFS(BG:BG,$BE:$BE,"OK",BI:BI,$BK32) -> 0 | BS32: =+BM32*3+BN32*1+BP32/100+BQ32/10000 -> 0 | BT32: {=+IF(BL32=0,0,_xludf.XLOOKUP(BS32,BV30:BV33,BW30:BW33))} -> 0 | BV32: =+LARGE(BS30:BS33,3) -> 0 | BW32: =+BX32/$BW$1 -> 0.1 | BX32: 1 | BY32: =+IF(OR(BZ32="-",CC32="-"),"-","OK") -> #NAME? | BZ32: {=+IF(_xludf.XLOOKUP($E32,$AY:$AY,$AZ:$AZ,"-",0)=BZ28,$E32,"-")} -> #NAME? | CA32: =+$F32 -> 2 | CB32: =+$G32 -> 1 | CC32: {=+IF(_xludf.XLOOKUP($H32,$AY:$AY,$AZ:$AZ,"-",0)=BZ28,$H32,"-")} -> #NAME? | CE32: =+BK32 -> Australia | CF32: =+COUNTIFS($BY:$BY,"OK",$CC:$CC,CE32)+COUNTIFS($BY:$BY,"OK",$BZ:$BZ,CE32) -> 0 | CG32: =+COUNTIFS(P:P,$BK32,$BY:$BY,"OK") -> 0 | CH32: =+COUNTIFS(K:K,$BK32,$BY:$BY,"OK")+COUNTIFS(L:L,$BK32,$BY:$BY,"OK") -> 0 | CI32: =+COUNTIFS(M:M,$CE32,$BY:$BY,"OK") -> 0 | CJ32: =+CK32-CL32 -> 0 | CK32: =+SUMIFS(CA:CA,$BY:$BY,"OK",BZ:BZ,$BK32)+SUMIFS(CB:CB,$BY:$BY,"OK",CC:CC,$BK32) -> 0 | CL32: =+SUMIFS(CB:CB,$BY:$BY,"OK",BZ:BZ,$BK32)+SUMIFS(CA:CA,$BY:$BY,"OK",CC:CC,$BK32) -> 0 | CM32: =+CG32*3+CH32*1+CJ32/100+CK32/10000 -> 0 | CN32: {=+IF(CF32=0,0,_xludf.XLOOKUP(CM32,CP30:CP33,CQ30:CQ33))} -> 0 | CP32: =+LARGE(CM30:CM33,3) -> 0 | CQ32: =+CR32/$BW$1 -> 0.1 | CR32: 1
A33: GD4 | B33: 46192 | E33: Estados Unidos | F33: 1 | G33: 0 | H33: Australia | J33: =IF(OR(ISBLANK(F33),ISBLANK(G33)),"",IF(F33>G33,E33,IF(G33>F33,H33,""))) -> Estados Unidos | K33: =IF(OR(ISBLANK(F33),ISBLANK(G33)),"",IF(F33=G33,E33,"")) | L33: =IF(OR(ISBLANK(F33),ISBLANK(G33)),"",IF(F33=G33,H33,"")) | M33: =IF(OR(ISBLANK(F33),ISBLANK(G33)),"",IF(F33<G33,E33,IF(G33<F33,H33,""))) -> Australia | O33: =+H31 -> Turquia | P33: =+COUNTIF(J30:J35,"="&$O33) -> 3 | Q33: =+COUNTIF(K30:L35,"="&$O33) -> 0 | R33: =+COUNTIF(M30:M35,"="&$O33) -> 0 | S33: =+T33-U33 -> 4 | T33: =+SUMIF(E30:E35,$O33,F30:F35)+SUMIF(H30:H35,$O33,G30:G35) -> 6 | U33: =+SUMIF(E30:E35,$O33,G30:G35)+SUMIF(H30:H35,$O33,F30:F35) -> 2 | V33: =+P33*3+Q33*1+BT33+CN33+S33/1000+T33/10000+AV33/1000000+ROW()/10000000 -> 9.0046033 | W33: =+O33 -> Turquia | Y33: =+CONCATENATE("4",RIGHT(E29,1)) -> 4D | Z33: =+VLOOKUP(AL33,V30:W33,2,FALSE) -> Australia | AA33: =+SUM(AB33:AD33) -> 3 | AB33: =+VLOOKUP($Z33,$O$30:$U$33,COLUMN()-26,FALSE) -> 0 | AC33: =+VLOOKUP($Z33,$O$30:$U$33,COLUMN()-26,FALSE) -> 0 | AD33: =+VLOOKUP($Z33,$O$30:$U$33,COLUMN()-26,FALSE) -> 3 | AE33: =+VLOOKUP($Z33,$O$30:$U$33,COLUMN()-26,FALSE) -> -4 | AF33: =+VLOOKUP($Z33,$O$30:$U$33,COLUMN()-26,FALSE) -> 1 | AG33: =+VLOOKUP($Z33,$O$30:$U$33,COLUMN()-26,FALSE) -> 5 | AH33: =+VLOOKUP($Z33,$O$30:$V$33,COLUMN()-26,FALSE) -> -0.0038968 | AL33: =+LARGE(V30:V33,4) -> -0.0038968 | AM33: =+(AH33-AL33)*100000000000000000000 -> 0 | AP33: =+O33 -> Turquia | AQ33: =+P33*3+Q33*1+BT33+CN33+S33/1000+T33/10000 -> 9.0046 | AS33: =+AV33 -> 0 | AT33: =+IF(AND(AM34="si",OR(AR30=1,AR31=1,AR32=1)),1,0) -> 0 | AU33: =+O33 -> Turquia | AX33: =+Y29 -> Grupo D | AY33: =+O33 -> Turquia | AZ33: =+P33*3+Q33 -> 9 | BA33: =+COUNTIFS($AX$1:AX33,AX33,$AZ$1:AZ33,AZ33) -> 1 | BB33: =+IF(AZ33=BF28,ROW()*0.001,AZ33) -> 9 | BC33: =+COUNTIFS($AX$1:AZ33,AZ33,$AZ$1:BB33,BB33) -> 2 | BE33: =+IF(OR(BF33="-",BI33="-",BF28=0),"-","OK") -> #NAME? | BF33: {=+IF(_xludf.XLOOKUP($E33,$AY:$AY,$AZ:$AZ,"-",0)=BF28,$E33,"-")} -> #NAME? | BG33: =+$F33 -> 1 | BH33: =+$G33 -> 0 | BI33: {=+IF(_xludf.XLOOKUP($H33,$AY:$AY,$AZ:$AZ,"-",0)=BF28,$H33,"-")} -> #NAME? | BK33: =+O33 -> Turquia | BL33: =+COUNTIFS($BE:$BE,"OK",$BI:$BI,BK33)+COUNTIFS($BE:$BE,"OK",$BF:$BF,BK33) -> 0 | BM33: =+COUNTIFS(J:J,$BK33,$BE:$BE,"OK") -> 0 | BN33: =+COUNTIFS(K:K,$BK33,$BE:$BE,"OK")+COUNTIFS(L:L,$BK33,$BE:$BE,"OK") -> 0 | BO33: =+COUNTIFS(M:M,$BK33,$BE:$BE,"OK") -> 0 | BP33: =+BQ33-BR33 -> 0 | BQ33: =+SUMIFS(BG:BG,$BE:$BE,"OK",BF:BF,$BK33)+SUMIFS(BH:BH,$BE:$BE,"OK",BI:BI,$BK33) -> 0 | BR33: =+SUMIFS(BH:BH,$BE:$BE,"OK",BF:BF,$BK33)+SUMIFS(BG:BG,$BE:$BE,"OK",BI:BI,$BK33) -> 0 | BS33: =+BM33*3+BN33*1+BP33/100+BQ33/10000 -> 0 | BT33: {=+IF(BL33=0,0,_xludf.XLOOKUP(BS33,BV30:BV33,BW30:BW33))} -> 0 | BV33: =+LARGE(BS30:BS33,4) -> 0 | BW33: =+BX33/$BW$1 -> 0 | BX33: 0 | BY33: =+IF(OR(BZ33="-",CC33="-"),"-","OK") -> #NAME? | BZ33: {=+IF(_xludf.XLOOKUP($E33,$AY:$AY,$AZ:$AZ,"-",0)=BZ28,$E33,"-")} -> #NAME? | CA33: =+$F33 -> 1 | CB33: =+$G33 -> 0 | CC33: {=+IF(_xludf.XLOOKUP($H33,$AY:$AY,$AZ:$AZ,"-",0)=BZ28,$H33,"-")} -> #NAME? | CE33: =+BK33 -> Turquia | CF33: =+COUNTIFS($BY:$BY,"OK",$CC:$CC,CE33)+COUNTIFS($BY:$BY,"OK",$BZ:$BZ,CE33) -> 0 | CG33: =+COUNTIFS(P:P,$BK33,$BY:$BY,"OK") -> 0 | CH33: =+COUNTIFS(K:K,$BK33,$BY:$BY,"OK")+COUNTIFS(L:L,$BK33,$BY:$BY,"OK") -> 0 | CI33: =+COUNTIFS(M:M,$CE33,$BY:$BY,"OK") -> 0 | CJ33: =+CK33-CL33 -> 0 | CK33: =+SUMIFS(CA:CA,$BY:$BY,"OK",BZ:BZ,$BK33)+SUMIFS(CB:CB,$BY:$BY,"OK",CC:CC,$BK33) -> 0 | CL33: =+SUMIFS(CB:CB,$BY:$BY,"OK",BZ:BZ,$BK33)+SUMIFS(CA:CA,$BY:$BY,"OK",CC:CC,$BK33) -> 0 | CM33: =+CG33*3+CH33*1+CJ33/100+CK33/10000 -> 0 | CN33: {=+IF(CF33=0,0,_xludf.XLOOKUP(CM33,CP30:CP33,CQ30:CQ33))} -> 0 | CP33: =+LARGE(CM30:CM33,4) -> 0 | CQ33: =+CR33/$BW$1 -> 0 | CR33: 0
A34: GD5 | B34: 46198 | E34: Turquia | F34: 2 | G34: 0 | H34: Estados Unidos | J34: =IF(OR(ISBLANK(F34),ISBLANK(G34)),"",IF(F34>G34,E34,IF(G34>F34,H34,""))) -> Turquia | K34: =IF(OR(ISBLANK(F34),ISBLANK(G34)),"",IF(F34=G34,E34,"")) | L34: =IF(OR(ISBLANK(F34),ISBLANK(G34)),"",IF(F34=G34,H34,"")) | M34: =IF(OR(ISBLANK(F34),ISBLANK(G34)),"",IF(F34<G34,E34,IF(G34<F34,H34,""))) -> Estados Unidos | AL34: Completo? | AM34: =+IF(SUM(AA30:AA33)=12,"si","no") -> si | BE34: =+IF(OR(BF34="-",BI34="-",BF28=0),"-","OK") -> #NAME? | BF34: {=+IF(_xludf.XLOOKUP($E34,$AY:$AY,$AZ:$AZ,"-",0)=BF28,$E34,"-")} -> #NAME? | BG34: =+$F34 -> 2 | BH34: =+$G34 -> 0 | BI34: {=+IF(_xludf.XLOOKUP($H34,$AY:$AY,$AZ:$AZ,"-",0)=BF28,$H34,"-")} -> #NAME? | BY34: =+IF(OR(BZ34="-",CC34="-"),"-","OK") -> #NAME? | BZ34: {=+IF(_xludf.XLOOKUP($E34,$AY:$AY,$AZ:$AZ,"-",0)=BZ28,$E34,"-")} -> #NAME? | CA34: =+$F34 -> 2 | CB34: =+$G34 -> 0 | CC34: {=+IF(_xludf.XLOOKUP($H34,$AY:$AY,$AZ:$AZ,"-",0)=BZ28,$H34,"-")} -> #NAME?
A35: GD6 | B35: 46198 | E35: Paraguay | F35: 2 | G35: 0 | H35: Australia | J35: =IF(OR(ISBLANK(F35),ISBLANK(G35)),"",IF(F35>G35,E35,IF(G35>F35,H35,""))) -> Paraguay | K35: =IF(OR(ISBLANK(F35),ISBLANK(G35)),"",IF(F35=G35,E35,"")) | L35: =IF(OR(ISBLANK(F35),ISBLANK(G35)),"",IF(F35=G35,H35,"")) | M35: =IF(OR(ISBLANK(F35),ISBLANK(G35)),"",IF(F35<G35,E35,IF(G35<F35,H35,""))) -> Australia | Y35: Hay equipos empatados: completar tabla para definir sorteo (valores del 1 al 4, el 4 pasa de ronda) | AR35: =+IF(AND(AM34="si",OR(AR30=1,AR31=1,AR32=1)),1,0) -> 0 | BE35: =+IF(OR(BF35="-",BI35="-",BF28=0),"-","OK") -> #NAME? | BF35: {=+IF(_xludf.XLOOKUP($E35,$AY:$AY,$AZ:$AZ,"-",0)=BF28,$E35,"-")} -> #NAME? | BG35: =+$F35 -> 2 | BH35: =+$G35 -> 0 | BI35: {=+IF(_xludf.XLOOKUP($H35,$AY:$AY,$AZ:$AZ,"-",0)=BF28,$H35,"-")} -> #NAME? | BY35: =+IF(OR(BZ35="-",CC35="-"),"-","OK") -> #NAME? | BZ35: {=+IF(_xludf.XLOOKUP($E35,$AY:$AY,$AZ:$AZ,"-",0)=BZ28,$E35,"-")} -> #NAME? | CA35: =+$F35 -> 2 | CB35: =+$G35 -> 0 | CC35: {=+IF(_xludf.XLOOKUP($H35,$AY:$AY,$AZ:$AZ,"-",0)=BZ28,$H35,"-")} -> #NAME?
BF37: =+IF(BA39>1,AZ39,IF(BA40>1,AZ40,IF(BA41>1,AZ41,IF(BA42>1,AZ42,"-")))) -> - | BW37: 10 | BZ37: =+IF(BC39>1,BB39,IF(BC40>1,BB40,IF(BC41>1,BB41,IF(BC42>1,BB42,"-")))) -> 9 | CQ37: 10
A38: Partido | B38: Fecha | C38: Sede | E38: Grupo E | J38: G | K38: E | L38: E | M38: P | O38: =+E38 -> Grupo E | P38: G | Q38: E | R38: P | S38: Dif | T38: G+ | U38: G- | V38: Ptos | Y38: Grupo E | AA38: J | AB38: G | AC38: E | AD38: P | AE38: Dif | AF38: G+ | AG38: G- | AH38: Ptos | AL38: Ptos | AM38: check | AY38: Empate 1 | AZ38: Ptos | BA38: Empate? | BL38: J | BM38: G | BN38: E | BO38: P | BP38: Dif | BQ38: G+ | BR38: G- | BS38: Ptos | BT38: Extra | BV38: Orden | BW38: Extra | CF38: J | CG38: G | CH38: E | CI38: P | CJ38: Dif | CK38: G+ | CL38: G- | CM38: Ptos | CN38: Extra | CP38: Orden | CQ38: Extra
A39: GE1 | B39: 46187 | E39: Alemania | F39: 3 | G39: 0 | H39: Curazao | J39: =IF(OR(ISBLANK(F39),ISBLANK(G39)),"",IF(F39>G39,E39,IF(G39>F39,H39,""))) -> Alemania | K39: =IF(OR(ISBLANK(F39),ISBLANK(G39)),"",IF(F39=G39,E39,"")) | L39: =IF(OR(ISBLANK(F39),ISBLANK(G39)),"",IF(F39=G39,H39,"")) | M39: =IF(OR(ISBLANK(F39),ISBLANK(G39)),"",IF(F39<G39,E39,IF(G39<F39,H39,""))) -> Curazao | O39: =+E39 -> Alemania | P39: =+COUNTIF(J39:J44,"="&$O39) -> 3 | Q39: =+COUNTIF(K39:L44,"="&$O39) -> 0 | R39: =+COUNTIF(M39:M44,"="&$O39) -> 0 | S39: =+T39-U39 -> 7 | T39: =+SUMIF(E39:E44,$O39,F39:F44)+SUMIF(H39:H44,$O39,G39:G44) -> 7 | U39: =+SUMIF(E39:E44,$O39,G39:G44)+SUMIF(H39:H44,$O39,F39:F44) -> 0 | V39: =+P39*3+Q39*1+BT39+CN39+S39/1000+T39/10000+AV39/1000000+ROW()/10000000 -> 9.0077039 | W39: =+O39 -> Alemania | Y39: =+CONCATENATE("1",RIGHT(E38,1)) -> 1E | Z39: =+VLOOKUP(AL39,V39:W42,2,FALSE) -> Alemania | AA39: =+SUM(AB39:AD39) -> 3 | AB39: =+VLOOKUP($Z39,$O$39:$U$42,COLUMN()-26,FALSE) -> 3 | AC39: =+VLOOKUP($Z39,$O$39:$U$42,COLUMN()-26,FALSE) -> 0 | AD39: =+VLOOKUP($Z39,$O$39:$U$42,COLUMN()-26,FALSE) -> 0 | AE39: =+VLOOKUP($Z39,$O$39:$U$42,COLUMN()-26,FALSE) -> 7 | AF39: =+VLOOKUP($Z39,$O$39:$U$42,COLUMN()-26,FALSE) -> 7 | AG39: =+VLOOKUP($Z39,$O$39:$U$42,COLUMN()-26,FALSE) -> 0 | AH39: =+VLOOKUP($Z39,$O$39:$V$42,COLUMN()-26,FALSE) -> 9.0077039 | AL39: =+LARGE(V39:V42,1) -> 9.0077039 | AM39: =+(AH39-AL39)*100000000000000000000 -> 0 | AP39: =+O39 -> Alemania | AQ39: =+P39*3+Q39*1+BT39+CN39+S39/1000+T39/10000 -> 9.0077 | AR39: =+IF(OR(AQ39=AQ40,AQ39=AQ41,AQ39=AQ42),1) -> FALSE | AS39: =+AV39 -> 0 | AT39: =+IF(AND(AM43="si",OR(AR39=1,AR40=1,AR41=1)),1,0) -> 0 | AU39: =+O39 -> Alemania | AX39: =+Y38 -> Grupo E | AY39: =+O39 -> Alemania | AZ39: =+P39*3+Q39 -> 9 | BA39: =+COUNTIFS($AX$1:AX39,AX39,$AZ$1:AZ39,AZ39) -> 1 | BB39: =+IF(AZ39=BF37,ROW()*0.001,AZ39) -> 9 | BC39: =+COUNTIFS($AX$1:AZ39,AZ39,$AZ$1:BB39,BB39) -> 3 | BE39: =+IF(OR(BF39="-",BI39="-",BF37=0),"-","OK") -> #NAME? | BF39: {=+IF(_xludf.XLOOKUP($E39,$AY:$AY,$AZ:$AZ,"-",0)=BF37,$E39,"-")} -> #NAME? | BG39: =+$F39 -> 3 | BH39: =+$G39 -> 0 | BI39: {=+IF(_xludf.XLOOKUP($H39,$AY:$AY,$AZ:$AZ,"-",0)=BF37,$H39,"-")} -> #NAME? | BK39: =+O39 -> Alemania | BL39: =+COUNTIFS($BE:$BE,"OK",$BI:$BI,BK39)+COUNTIFS($BE:$BE,"OK",$BF:$BF,BK39) -> 0 | BM39: =+COUNTIFS(J:J,$BK39,$BE:$BE,"OK") -> 0 | BN39: =+COUNTIFS(K:K,$BK39,$BE:$BE,"OK")+COUNTIFS(L:L,$BK39,$BE:$BE,"OK") -> 0 | BO39: =+COUNTIFS(M:M,$BK39,$BE:$BE,"OK") -> 0 | BP39: =+BQ39-BR39 -> 0 | BQ39: =+SUMIFS(BG:BG,$BE:$BE,"OK",BF:BF,$BK39)+SUMIFS(BH:BH,$BE:$BE,"OK",BI:BI,$BK39) -> 0 | BR39: =+SUMIFS(BH:BH,$BE:$BE,"OK",BF:BF,$BK39)+SUMIFS(BG:BG,$BE:$BE,"OK",BI:BI,$BK39) -> 0 | BS39: =+BM39*3+BN39*1+BP39/100+BQ39/10000 -> 0 | BT39: {=+IF(BL39=0,0,_xludf.XLOOKUP(BS39,BV39:BV42,BW39:BW42))} -> 0 | BV39: =+LARGE(BS39:BS42,1) -> 0 | BW39: =+BX39/$BW$1 -> 0.3 | BX39: 3 | BY39: =+IF(OR(BZ39="-",CC39="-"),"-","OK") -> #NAME? | BZ39: {=+IF(_xludf.XLOOKUP($E39,$AY:$AY,$AZ:$AZ,"-",0)=BZ37,$E39,"-")} -> #NAME? | CA39: =+$F39 -> 3 | CB39: =+$G39 -> 0 | CC39: {=+IF(_xludf.XLOOKUP($H39,$AY:$AY,$AZ:$AZ,"-",0)=BZ37,$H39,"-")} -> #NAME? | CE39: =+BK39 -> Alemania | CF39: =+COUNTIFS($BY:$BY,"OK",$CC:$CC,CE39)+COUNTIFS($BY:$BY,"OK",$BZ:$BZ,CE39) -> 0 | CG39: =+COUNTIFS(P:P,$BK39,$BY:$BY,"OK") -> 0 | CH39: =+COUNTIFS(K:K,$BK39,$BY:$BY,"OK")+COUNTIFS(L:L,$BK39,$BY:$BY,"OK") -> 0 | CI39: =+COUNTIFS(M:M,$CE39,$BY:$BY,"OK") -> 0 | CJ39: =+CK39-CL39 -> 0 | CK39: =+SUMIFS(CA:CA,$BY:$BY,"OK",BZ:BZ,$BK39)+SUMIFS(CB:CB,$BY:$BY,"OK",CC:CC,$BK39) -> 0 | CL39: =+SUMIFS(CB:CB,$BY:$BY,"OK",BZ:BZ,$BK39)+SUMIFS(CA:CA,$BY:$BY,"OK",CC:CC,$BK39) -> 0 | CM39: =+CG39*3+CH39*1+CJ39/100+CK39/10000 -> 0 | CN39: {=+IF(CF39=0,0,_xludf.XLOOKUP(CM39,CP39:CP42,CQ39:CQ42))} -> 0 | CP39: =+LARGE(CM39:CM42,1) -> 0 | CQ39: =+CR39/$BW$1 -> 0.3 | CR39: 3
A40: GE2 | B40: 46187 | E40: Costa de Marfil | F40: 0 | G40: 2 | H40: Ecuador | J40: =IF(OR(ISBLANK(F40),ISBLANK(G40)),"",IF(F40>G40,E40,IF(G40>F40,H40,""))) -> Ecuador | K40: =IF(OR(ISBLANK(F40),ISBLANK(G40)),"",IF(F40=G40,E40,"")) | L40: =IF(OR(ISBLANK(F40),ISBLANK(G40)),"",IF(F40=G40,H40,"")) | M40: =IF(OR(ISBLANK(F40),ISBLANK(G40)),"",IF(F40<G40,E40,IF(G40<F40,H40,""))) -> Costa de Marfil | O40: =+H39 -> Curazao | P40: =+COUNTIF(J39:J44,"="&$O40) -> 0 | Q40: =+COUNTIF(K39:L44,"="&$O40) -> 0 | R40: =+COUNTIF(M39:M44,"="&$O40) -> 3 | S40: =+T40-U40 -> -6 | T40: =+SUMIF(E39:E44,$O40,F39:F44)+SUMIF(H39:H44,$O40,G39:G44) -> 0 | U40: =+SUMIF(E39:E44,$O40,G39:G44)+SUMIF(H39:H44,$O40,F39:F44) -> 6 | V40: =+P40*3+Q40*1+BT40+CN40+S40/1000+T40/10000+AV40/1000000+ROW()/10000000 -> -0.005996 | W40: =+O40 -> Curazao | Y40: =+CONCATENATE("2",RIGHT(E38,1)) -> 2E | Z40: =+VLOOKUP(AL40,V39:W42,2,FALSE) -> Ecuador | AA40: =+SUM(AB40:AD40) -> 3 | AB40: =+VLOOKUP($Z40,$O$39:$U$42,COLUMN()-26,FALSE) -> 2 | AC40: =+VLOOKUP($Z40,$O$39:$U$42,COLUMN()-26,FALSE) -> 0 | AD40: =+VLOOKUP($Z40,$O$39:$U$42,COLUMN()-26,FALSE) -> 1 | AE40: =+VLOOKUP($Z40,$O$39:$U$42,COLUMN()-26,FALSE) -> 2 | AF40: =+VLOOKUP($Z40,$O$39:$U$42,COLUMN()-26,FALSE) -> 4 | AG40: =+VLOOKUP($Z40,$O$39:$U$42,COLUMN()-26,FALSE) -> 2 | AH40: =+VLOOKUP($Z40,$O$39:$V$42,COLUMN()-26,FALSE) -> 6.0024042 | AL40: =+LARGE(V39:V42,2) -> 6.0024042 | AM40: =+(AH40-AL40)*100000000000000000000 -> 0 | AP40: =+O40 -> Curazao | AQ40: =+P40*3+Q40*1+BT40+CN40+S40/1000+T40/10000 -> -0.006 | AR40: =+IF(OR(AQ40=AQ41,AQ40=AQ42),1) -> FALSE | AS40: =+AV40 -> 0 | AT40: =+IF(AND(AM43="si",OR(AR39=1,AR40=1,AR41=1)),1,0) -> 0 | AU40: =+O40 -> Curazao | AX40: =+Y38 -> Grupo E | AY40: =+O40 -> Curazao | AZ40: =+P40*3+Q40 -> 0 | BA40: =+COUNTIFS($AX$1:AX40,AX40,$AZ$1:AZ40,AZ40) -> 1 | BB40: =+IF(AZ40=BF37,ROW()*0.001,AZ40) -> 0 | BC40: =+COUNTIFS($AX$1:AZ40,AZ40,$AZ$1:BB40,BB40) -> 4 | BE40: =+IF(OR(BF40="-",BI40="-",BF37=0),"-","OK") -> #NAME? | BF40: {=+IF(_xludf.XLOOKUP($E40,$AY:$AY,$AZ:$AZ,"-",0)=BF37,$E40,"-")} -> #NAME? | BG40: =+$F40 -> 0 | BH40: =+$G40 -> 2 | BI40: {=+IF(_xludf.XLOOKUP($H40,$AY:$AY,$AZ:$AZ,"-",0)=BF37,$H40,"-")} -> #NAME? | BK40: =+O40 -> Curazao | BL40: =+COUNTIFS($BE:$BE,"OK",$BI:$BI,BK40)+COUNTIFS($BE:$BE,"OK",$BF:$BF,BK40) -> 0 | BM40: =+COUNTIFS(J:J,$BK40,$BE:$BE,"OK") -> 0 | BN40: =+COUNTIFS(K:K,$BK40,$BE:$BE,"OK")+COUNTIFS(L:L,$BK40,$BE:$BE,"OK") -> 0 | BO40: =+COUNTIFS(M:M,$BK40,$BE:$BE,"OK") -> 0 | BP40: =+BQ40-BR40 -> 0 | BQ40: =+SUMIFS(BG:BG,$BE:$BE,"OK",BF:BF,$BK40)+SUMIFS(BH:BH,$BE:$BE,"OK",BI:BI,$BK40) -> 0 | BR40: =+SUMIFS(BH:BH,$BE:$BE,"OK",BF:BF,$BK40)+SUMIFS(BG:BG,$BE:$BE,"OK",BI:BI,$BK40) -> 0 | BS40: =+BM40*3+BN40*1+BP40/100+BQ40/10000 -> 0 | BT40: {=+IF(BL40=0,0,_xludf.XLOOKUP(BS40,BV39:BV42,BW39:BW42))} -> 0 | BV40: =+LARGE(BS39:BS42,2) -> 0 | BW40: =+BX40/$BW$1 -> 0.2 | BX40: 2 | BY40: =+IF(OR(BZ40="-",CC40="-"),"-","OK") -> #NAME? | BZ40: {=+IF(_xludf.XLOOKUP($E40,$AY:$AY,$AZ:$AZ,"-",0)=BZ37,$E40,"-")} -> #NAME? | CA40: =+$F40 -> 0 | CB40: =+$G40 -> 2 | CC40: {=+IF(_xludf.XLOOKUP($H40,$AY:$AY,$AZ:$AZ,"-",0)=BZ37,$H40,"-")} -> #NAME? | CE40: =+BK40 -> Curazao | CF40: =+COUNTIFS($BY:$BY,"OK",$CC:$CC,CE40)+COUNTIFS($BY:$BY,"OK",$BZ:$BZ,CE40) -> 0 | CG40: =+COUNTIFS(P:P,$BK40,$BY:$BY,"OK") -> 0 | CH40: =+COUNTIFS(K:K,$BK40,$BY:$BY,"OK")+COUNTIFS(L:L,$BK40,$BY:$BY,"OK") -> 0 | CI40: =+COUNTIFS(M:M,$CE40,$BY:$BY,"OK") -> 0 | CJ40: =+CK40-CL40 -> 0 | CK40: =+SUMIFS(CA:CA,$BY:$BY,"OK",BZ:BZ,$BK40)+SUMIFS(CB:CB,$BY:$BY,"OK",CC:CC,$BK40) -> 0 | CL40: =+SUMIFS(CB:CB,$BY:$BY,"OK",BZ:BZ,$BK40)+SUMIFS(CA:CA,$BY:$BY,"OK",CC:CC,$BK40) -> 0 | CM40: =+CG40*3+CH40*1+CJ40/100+CK40/10000 -> 0 | CN40: {=+IF(CF40=0,0,_xludf.XLOOKUP(CM40,CP39:CP42,CQ39:CQ42))} -> 0 | CP40: =+LARGE(CM39:CM42,2) -> 0 | CQ40: =+CR40/$BW$1 -> 0.2 | CR40: 2
A41: GE3 | B41: 46193 | E41: Alemania | F41: 2 | G41: 0 | H41: Costa de Marfil | J41: =IF(OR(ISBLANK(F41),ISBLANK(G41)),"",IF(F41>G41,E41,IF(G41>F41,H41,""))) -> Alemania | K41: =IF(OR(ISBLANK(F41),ISBLANK(G41)),"",IF(F41=G41,E41,"")) | L41: =IF(OR(ISBLANK(F41),ISBLANK(G41)),"",IF(F41=G41,H41,"")) | M41: =IF(OR(ISBLANK(F41),ISBLANK(G41)),"",IF(F41<G41,E41,IF(G41<F41,H41,""))) -> Costa de Marfil | O41: =+E40 -> Costa de Marfil | P41: =+COUNTIF(J39:J44,"="&$O41) -> 1 | Q41: =+COUNTIF(K39:L44,"="&$O41) -> 0 | R41: =+COUNTIF(M39:M44,"="&$O41) -> 2 | S41: =+T41-U41 -> -3 | T41: =+SUMIF(E39:E44,$O41,F39:F44)+SUMIF(H39:H44,$O41,G39:G44) -> 1 | U41: =+SUMIF(E39:E44,$O41,G39:G44)+SUMIF(H39:H44,$O41,F39:F44) -> 4 | V41: =+P41*3+Q41*1+BT41+CN41+S41/1000+T41/10000+AV41/1000000+ROW()/10000000 -> 2.9971041 | W41: =+O41 -> Costa de Marfil | Y41: =+CONCATENATE("3",RIGHT(E38,1)) -> 3E | Z41: =+VLOOKUP(AL41,V39:W42,2,FALSE) -> Costa de Marfil | AA41: =+SUM(AB41:AD41) -> 3 | AB41: =+VLOOKUP($Z41,$O$39:$U$42,COLUMN()-26,FALSE) -> 1 | AC41: =+VLOOKUP($Z41,$O$39:$U$42,COLUMN()-26,FALSE) -> 0 | AD41: =+VLOOKUP($Z41,$O$39:$U$42,COLUMN()-26,FALSE) -> 2 | AE41: =+VLOOKUP($Z41,$O$39:$U$42,COLUMN()-26,FALSE) -> -3 | AF41: =+VLOOKUP($Z41,$O$39:$U$42,COLUMN()-26,FALSE) -> 1 | AG41: =+VLOOKUP($Z41,$O$39:$U$42,COLUMN()-26,FALSE) -> 4 | AH41: =+VLOOKUP($Z41,$O$39:$V$42,COLUMN()-26,FALSE) -> 2.9971041 | AI41: =+(COUNTIFS($CV$2:$CV$13,Z41,$CX$2:$CX$13,"IN")+COUNTIFS($CV$2:$CV$13,Z41,$CW$2:$CW$13,"IN"))*IF(SUM(AA39:AA42)=12,1,0) -> 0 | AL41: =+LARGE(V39:V42,3) -> 2.9971041 | AM41: =+(AH41-AL41)*100000000000000000000 -> 0 | AP41: =+O41 -> Costa de Marfil | AQ41: =+P41*3+Q41*1+BT41+CN41+S41/1000+T41/10000 -> 2.9971 | AR41: =+IF(OR(AQ41=AQ42),1) -> FALSE | AS41: =+AV41 -> 0 | AT41: =+IF(AND(AM43="si",OR(AR39=1,AR40=1,AR41=1)),1,0) -> 0 | AU41: =+O41 -> Costa de Marfil | AX41: =+Y38 -> Grupo E | AY41: =+O41 -> Costa de Marfil | AZ41: =+P41*3+Q41 -> 3 | BA41: =+COUNTIFS($AX$1:AX41,AX41,$AZ$1:AZ41,AZ41) -> 1 | BB41: =+IF(AZ41=BF37,ROW()*0.001,AZ41) -> 3 | BC41: =+COUNTIFS($AX$1:AZ41,AZ41,$AZ$1:BB41,BB41) -> 2 | BE41: =+IF(OR(BF41="-",BI41="-",BF37=0),"-","OK") -> #NAME? | BF41: {=+IF(_xludf.XLOOKUP($E41,$AY:$AY,$AZ:$AZ,"-",0)=BF37,$E41,"-")} -> #NAME? | BG41: =+$F41 -> 2 | BH41: =+$G41 -> 0 | BI41: {=+IF(_xludf.XLOOKUP($H41,$AY:$AY,$AZ:$AZ,"-",0)=BF37,$H41,"-")} -> #NAME? | BK41: =+O41 -> Costa de Marfil | BL41: =+COUNTIFS($BE:$BE,"OK",$BI:$BI,BK41)+COUNTIFS($BE:$BE,"OK",$BF:$BF,BK41) -> 0 | BM41: =+COUNTIFS(J:J,$BK41,$BE:$BE,"OK") -> 0 | BN41: =+COUNTIFS(K:K,$BK41,$BE:$BE,"OK")+COUNTIFS(L:L,$BK41,$BE:$BE,"OK") -> 0 | BO41: =+COUNTIFS(M:M,$BK41,$BE:$BE,"OK") -> 0 | BP41: =+BQ41-BR41 -> 0 | BQ41: =+SUMIFS(BG:BG,$BE:$BE,"OK",BF:BF,$BK41)+SUMIFS(BH:BH,$BE:$BE,"OK",BI:BI,$BK41) -> 0 | BR41: =+SUMIFS(BH:BH,$BE:$BE,"OK",BF:BF,$BK41)+SUMIFS(BG:BG,$BE:$BE,"OK",BI:BI,$BK41) -> 0 | BS41: =+BM41*3+BN41*1+BP41/100+BQ41/10000 -> 0 | BT41: {=+IF(BL41=0,0,_xludf.XLOOKUP(BS41,BV39:BV42,BW39:BW42))} -> 0 | BV41: =+LARGE(BS39:BS42,3) -> 0 | BW41: =+BX41/$BW$1 -> 0.1 | BX41: 1 | BY41: =+IF(OR(BZ41="-",CC41="-"),"-","OK") -> #NAME? | BZ41: {=+IF(_xludf.XLOOKUP($E41,$AY:$AY,$AZ:$AZ,"-",0)=BZ37,$E41,"-")} -> #NAME? | CA41: =+$F41 -> 2 | CB41: =+$G41 -> 0 | CC41: {=+IF(_xludf.XLOOKUP($H41,$AY:$AY,$AZ:$AZ,"-",0)=BZ37,$H41,"-")} -> #NAME? | CE41: =+BK41 -> Costa de Marfil | CF41: =+COUNTIFS($BY:$BY,"OK",$CC:$CC,CE41)+COUNTIFS($BY:$BY,"OK",$BZ:$BZ,CE41) -> 0 | CG41: =+COUNTIFS(P:P,$BK41,$BY:$BY,"OK") -> 0 | CH41: =+COUNTIFS(K:K,$BK41,$BY:$BY,"OK")+COUNTIFS(L:L,$BK41,$BY:$BY,"OK") -> 0 | CI41: =+COUNTIFS(M:M,$CE41,$BY:$BY,"OK") -> 0 | CJ41: =+CK41-CL41 -> 0 | CK41: =+SUMIFS(CA:CA,$BY:$BY,"OK",BZ:BZ,$BK41)+SUMIFS(CB:CB,$BY:$BY,"OK",CC:CC,$BK41) -> 0 | CL41: =+SUMIFS(CB:CB,$BY:$BY,"OK",BZ:BZ,$BK41)+SUMIFS(CA:CA,$BY:$BY,"OK",CC:CC,$BK41) -> 0 | CM41: =+CG41*3+CH41*1+CJ41/100+CK41/10000 -> 0 | CN41: {=+IF(CF41=0,0,_xludf.XLOOKUP(CM41,CP39:CP42,CQ39:CQ42))} -> 0 | CP41: =+LARGE(CM39:CM42,3) -> 0 | CQ41: =+CR41/$BW$1 -> 0.1 | CR41: 1
A42: GE4 | B42: 46193 | E42: Ecuador | F42: 2 | G42: 0 | H42: Curazao | J42: =IF(OR(ISBLANK(F42),ISBLANK(G42)),"",IF(F42>G42,E42,IF(G42>F42,H42,""))) -> Ecuador | K42: =IF(OR(ISBLANK(F42),ISBLANK(G42)),"",IF(F42=G42,E42,"")) | L42: =IF(OR(ISBLANK(F42),ISBLANK(G42)),"",IF(F42=G42,H42,"")) | M42: =IF(OR(ISBLANK(F42),ISBLANK(G42)),"",IF(F42<G42,E42,IF(G42<F42,H42,""))) -> Curazao | O42: =+H40 -> Ecuador | P42: =+COUNTIF(J39:J44,"="&$O42) -> 2 | Q42: =+COUNTIF(K39:L44,"="&$O42) -> 0 | R42: =+COUNTIF(M39:M44,"="&$O42) -> 1 | S42: =+T42-U42 -> 2 | T42: =+SUMIF(E39:E44,$O42,F39:F44)+SUMIF(H39:H44,$O42,G39:G44) -> 4 | U42: =+SUMIF(E39:E44,$O42,G39:G44)+SUMIF(H39:H44,$O42,F39:F44) -> 2 | V42: =+P42*3+Q42*1+BT42+CN42+S42/1000+T42/10000+AV42/1000000+ROW()/10000000 -> 6.0024042 | W42: =+O42 -> Ecuador | Y42: =+CONCATENATE("4",RIGHT(E38,1)) -> 4E | Z42: =+VLOOKUP(AL42,V39:W42,2,FALSE) -> Curazao | AA42: =+SUM(AB42:AD42) -> 3 | AB42: =+VLOOKUP($Z42,$O$39:$U$42,COLUMN()-26,FALSE) -> 0 | AC42: =+VLOOKUP($Z42,$O$39:$U$42,COLUMN()-26,FALSE) -> 0 | AD42: =+VLOOKUP($Z42,$O$39:$U$42,COLUMN()-26,FALSE) -> 3 | AE42: =+VLOOKUP($Z42,$O$39:$U$42,COLUMN()-26,FALSE) -> -6 | AF42: =+VLOOKUP($Z42,$O$39:$U$42,COLUMN()-26,FALSE) -> 0 | AG42: =+VLOOKUP($Z42,$O$39:$U$42,COLUMN()-26,FALSE) -> 6 | AH42: =+VLOOKUP($Z42,$O$39:$V$42,COLUMN()-26,FALSE) -> -0.005996 | AL42: =+LARGE(V39:V42,4) -> -0.005996 | AM42: =+(AH42-AL42)*100000000000000000000 -> 0 | AP42: =+O42 -> Ecuador | AQ42: =+P42*3+Q42*1+BT42+CN42+S42/1000+T42/10000 -> 6.0024 | AS42: =+AV42 -> 0 | AT42: =+IF(AND(AM43="si",OR(AR39=1,AR40=1,AR41=1)),1,0) -> 0 | AU42: =+O42 -> Ecuador | AX42: =+Y38 -> Grupo E | AY42: =+O42 -> Ecuador | AZ42: =+P42*3+Q42 -> 6 | BA42: =+COUNTIFS($AX$1:AX42,AX42,$AZ$1:AZ42,AZ42) -> 1 | BB42: =+IF(AZ42=BF37,ROW()*0.001,AZ42) -> 6 | BC42: =+COUNTIFS($AX$1:AZ42,AZ42,$AZ$1:BB42,BB42) -> 3 | BE42: =+IF(OR(BF42="-",BI42="-",BF37=0),"-","OK") -> #NAME? | BF42: {=+IF(_xludf.XLOOKUP($E42,$AY:$AY,$AZ:$AZ,"-",0)=BF37,$E42,"-")} -> #NAME? | BG42: =+$F42 -> 2 | BH42: =+$G42 -> 0 | BI42: {=+IF(_xludf.XLOOKUP($H42,$AY:$AY,$AZ:$AZ,"-",0)=BF37,$H42,"-")} -> #NAME? | BK42: =+O42 -> Ecuador | BL42: =+COUNTIFS($BE:$BE,"OK",$BI:$BI,BK42)+COUNTIFS($BE:$BE,"OK",$BF:$BF,BK42) -> 0 | BM42: =+COUNTIFS(J:J,$BK42,$BE:$BE,"OK") -> 0 | BN42: =+COUNTIFS(K:K,$BK42,$BE:$BE,"OK")+COUNTIFS(L:L,$BK42,$BE:$BE,"OK") -> 0 | BO42: =+COUNTIFS(M:M,$BK42,$BE:$BE,"OK") -> 0 | BP42: =+BQ42-BR42 -> 0 | BQ42: =+SUMIFS(BG:BG,$BE:$BE,"OK",BF:BF,$BK42)+SUMIFS(BH:BH,$BE:$BE,"OK",BI:BI,$BK42) -> 0 | BR42: =+SUMIFS(BH:BH,$BE:$BE,"OK",BF:BF,$BK42)+SUMIFS(BG:BG,$BE:$BE,"OK",BI:BI,$BK42) -> 0 | BS42: =+BM42*3+BN42*1+BP42/100+BQ42/10000 -> 0 | BT42: {=+IF(BL42=0,0,_xludf.XLOOKUP(BS42,BV39:BV42,BW39:BW42))} -> 0 | BV42: =+LARGE(BS39:BS42,4) -> 0 | BW42: =+BX42/$BW$1 -> 0 | BX42: 0 | BY42: =+IF(OR(BZ42="-",CC42="-"),"-","OK") -> #NAME? | BZ42: {=+IF(_xludf.XLOOKUP($E42,$AY:$AY,$AZ:$AZ,"-",0)=BZ37,$E42,"-")} -> #NAME? | CA42: =+$F42 -> 2 | CB42: =+$G42 -> 0 | CC42: {=+IF(_xludf.XLOOKUP($H42,$AY:$AY,$AZ:$AZ,"-",0)=BZ37,$H42,"-")} -> #NAME? | CE42: =+BK42 -> Ecuador | CF42: =+COUNTIFS($BY:$BY,"OK",$CC:$CC,CE42)+COUNTIFS($BY:$BY,"OK",$BZ:$BZ,CE42) -> 0 | CG42: =+COUNTIFS(P:P,$BK42,$BY:$BY,"OK") -> 0 | CH42: =+COUNTIFS(K:K,$BK42,$BY:$BY,"OK")+COUNTIFS(L:L,$BK42,$BY:$BY,"OK") -> 0 | CI42: =+COUNTIFS(M:M,$CE42,$BY:$BY,"OK") -> 0 | CJ42: =+CK42-CL42 -> 0 | CK42: =+SUMIFS(CA:CA,$BY:$BY,"OK",BZ:BZ,$BK42)+SUMIFS(CB:CB,$BY:$BY,"OK",CC:CC,$BK42) -> 0 | CL42: =+SUMIFS(CB:CB,$BY:$BY,"OK",BZ:BZ,$BK42)+SUMIFS(CA:CA,$BY:$BY,"OK",CC:CC,$BK42) -> 0 | CM42: =+CG42*3+CH42*1+CJ42/100+CK42/10000 -> 0 | CN42: {=+IF(CF42=0,0,_xludf.XLOOKUP(CM42,CP39:CP42,CQ39:CQ42))} -> 0 | CP42: =+LARGE(CM39:CM42,4) -> 0 | CQ42: =+CR42/$BW$1 -> 0 | CR42: 0
A43: GE5 | B43: 46198 | E43: Ecuador | F43: 0 | G43: 2 | H43: Alemania | J43: =IF(OR(ISBLANK(F43),ISBLANK(G43)),"",IF(F43>G43,E43,IF(G43>F43,H43,""))) -> Alemania | K43: =IF(OR(ISBLANK(F43),ISBLANK(G43)),"",IF(F43=G43,E43,"")) | L43: =IF(OR(ISBLANK(F43),ISBLANK(G43)),"",IF(F43=G43,H43,"")) | M43: =IF(OR(ISBLANK(F43),ISBLANK(G43)),"",IF(F43<G43,E43,IF(G43<F43,H43,""))) -> Ecuador | AL43: Completo? | AM43: =+IF(SUM(AA39:AA42)=12,"si","no") -> si | BE43: =+IF(OR(BF43="-",BI43="-",BF37=0),"-","OK") -> #NAME? | BF43: {=+IF(_xludf.XLOOKUP($E43,$AY:$AY,$AZ:$AZ,"-",0)=BF37,$E43,"-")} -> #NAME? | BG43: =+$F43 -> 0 | BH43: =+$G43 -> 2 | BI43: {=+IF(_xludf.XLOOKUP($H43,$AY:$AY,$AZ:$AZ,"-",0)=BF37,$H43,"-")} -> #NAME? | BY43: =+IF(OR(BZ43="-",CC43="-"),"-","OK") -> #NAME? | BZ43: {=+IF(_xludf.XLOOKUP($E43,$AY:$AY,$AZ:$AZ,"-",0)=BZ37,$E43,"-")} -> #NAME? | CA43: =+$F43 -> 0 | CB43: =+$G43 -> 2 | CC43: {=+IF(_xludf.XLOOKUP($H43,$AY:$AY,$AZ:$AZ,"-",0)=BZ37,$H43,"-")} -> #NAME?
A44: GE6 | B44: 46198 | E44: Curazao | F44: 0 | G44: 1 | H44: Costa de Marfil | J44: =IF(OR(ISBLANK(F44),ISBLANK(G44)),"",IF(F44>G44,E44,IF(G44>F44,H44,""))) -> Costa de Marfil | K44: =IF(OR(ISBLANK(F44),ISBLANK(G44)),"",IF(F44=G44,E44,"")) | L44: =IF(OR(ISBLANK(F44),ISBLANK(G44)),"",IF(F44=G44,H44,"")) | M44: =IF(OR(ISBLANK(F44),ISBLANK(G44)),"",IF(F44<G44,E44,IF(G44<F44,H44,""))) -> Curazao | Y44: Hay equipos empatados: completar tabla para definir sorteo (valores del 1 al 4, el 4 pasa de ronda) | AR44: =+IF(AND(AM43="si",OR(AR39=1,AR40=1,AR41=1)),1,0) -> 0 | BE44: =+IF(OR(BF44="-",BI44="-",BF37=0),"-","OK") -> #NAME? | BF44: {=+IF(_xludf.XLOOKUP($E44,$AY:$AY,$AZ:$AZ,"-",0)=BF37,$E44,"-")} -> #NAME? | BG44: =+$F44 -> 0 | BH44: =+$G44 -> 1 | BI44: {=+IF(_xludf.XLOOKUP($H44,$AY:$AY,$AZ:$AZ,"-",0)=BF37,$H44,"-")} -> #NAME? | BY44: =+IF(OR(BZ44="-",CC44="-"),"-","OK") -> #NAME? | BZ44: {=+IF(_xludf.XLOOKUP($E44,$AY:$AY,$AZ:$AZ,"-",0)=BZ37,$E44,"-")} -> #NAME? | CA44: =+$F44 -> 0 | CB44: =+$G44 -> 1 | CC44: {=+IF(_xludf.XLOOKUP($H44,$AY:$AY,$AZ:$AZ,"-",0)=BZ37,$H44,"-")} -> #NAME?
BF46: =+IF(BA48>1,AZ48,IF(BA49>1,AZ49,IF(BA50>1,AZ50,IF(BA51>1,AZ51,"-")))) -> 7 | BW46: 10 | BZ46: =+IF(BC48>1,BB48,IF(BC49>1,BB49,IF(BC50>1,BB50,IF(BC51>1,BB51,"-")))) -> 3 | CQ46: 10
A47: Partido | B47: Fecha | C47: Sede | E47: Grupo F | J47: G | K47: E | L47: E | M47: P | O47: =+E47 -> Grupo F | P47: G | Q47: E | R47: P | S47: Dif | T47: G+ | U47: G- | V47: Ptos | Y47: Grupo F | AA47: J | AB47: G | AC47: E | AD47: P | AE47: Dif | AF47: G+ | AG47: G- | AH47: Ptos | AL47: Ptos | AM47: check | AY47: Empate 1 | AZ47: Ptos | BA47: Empate? | BL47: J | BM47: G | BN47: E | BO47: P | BP47: Dif | BQ47: G+ | BR47: G- | BS47: Ptos | BT47: Extra | BV47: Orden | BW47: Extra | CF47: J | CG47: G | CH47: E | CI47: P | CJ47: Dif | CK47: G+ | CL47: G- | CM47: Ptos | CN47: Extra | CP47: Orden | CQ47: Extra
A48: GF1 | B48: 46190 | E48: Paises Bajos | F48: 2 | G48: 2 | H48: Japon | J48: =IF(OR(ISBLANK(F48),ISBLANK(G48)),"",IF(F48>G48,E48,IF(G48>F48,H48,""))) | K48: =IF(OR(ISBLANK(F48),ISBLANK(G48)),"",IF(F48=G48,E48,"")) -> Paises Bajos | L48: =IF(OR(ISBLANK(F48),ISBLANK(G48)),"",IF(F48=G48,H48,"")) -> Japon | M48: =IF(OR(ISBLANK(F48),ISBLANK(G48)),"",IF(F48<G48,E48,IF(G48<F48,H48,""))) | O48: =+E48 -> Paises Bajos | P48: =+COUNTIF(J48:J53,"="&$O48) -> 2 | Q48: =+COUNTIF(K48:L53,"="&$O48) -> 1 | R48: =+COUNTIF(M48:M53,"="&$O48) -> 0 | S48: =+T48-U48 -> 4 | T48: =+SUMIF(E48:E53,$O48,F48:F53)+SUMIF(H48:H53,$O48,G48:G53) -> 6 | U48: =+SUMIF(E48:E53,$O48,G48:G53)+SUMIF(H48:H53,$O48,F48:F53) -> 2 | V48: =+P48*3+Q48*1+BT48+CN48+S48/1000+T48/10000+AV48/1000000+ROW()/10000000 -> 7.0046048 | W48: =+O48 -> Paises Bajos | Y48: =+CONCATENATE("1",RIGHT(E47,1)) -> 1F | Z48: =+VLOOKUP(AL48,V48:W51,2,FALSE) -> Paises Bajos | AA48: =+SUM(AB48:AD48) -> 3 | AB48: =+VLOOKUP($Z48,$O$48:$U$51,COLUMN()-26,FALSE) -> 2 | AC48: =+VLOOKUP($Z48,$O$48:$U$51,COLUMN()-26,FALSE) -> 1 | AD48: =+VLOOKUP($Z48,$O$48:$U$51,COLUMN()-26,FALSE) -> 0 | AE48: =+VLOOKUP($Z48,$O$48:$U$51,COLUMN()-26,FALSE) -> 4 | AF48: =+VLOOKUP($Z48,$O$48:$U$51,COLUMN()-26,FALSE) -> 6 | AG48: =+VLOOKUP($Z48,$O$48:$U$51,COLUMN()-26,FALSE) -> 2 | AH48: =+VLOOKUP($Z48,$O$48:$V$51,COLUMN()-26,FALSE) -> 7.0046048 | AL48: =+LARGE(V48:V51,1) -> 7.0046048 | AM48: =+(AH48-AL48)*100000000000000000000 -> 0 | AP48: =+O48 -> Paises Bajos | AQ48: =+P48*3+Q48*1+BT48+CN48+S48/1000+T48/10000 -> 7.0046 | AR48: =+IF(OR(AQ48=AQ49,AQ48=AQ50,AQ48=AQ51),1) -> FALSE | AS48: =+AV48 -> 0 | AT48: =+IF(AND(AM52="si",OR(AR48=1,AR49=1,AR50=1)),1,0) -> 0 | AU48: =+O48 -> Paises Bajos | AX48: =+Y47 -> Grupo F | AY48: =+O48 -> Paises Bajos | AZ48: =+P48*3+Q48 -> 7 | BA48: =+COUNTIFS($AX$1:AX48,AX48,$AZ$1:AZ48,AZ48) -> 1 | BB48: =+IF(AZ48=BF46,ROW()*0.001,AZ48) -> 0.048 | BC48: =+COUNTIFS($AX$1:AZ48,AZ48,$AZ$1:BB48,BB48) -> 1 | BE48: =+IF(OR(BF48="-",BI48="-",BF46=0),"-","OK") -> #NAME? | BF48: {=+IF(_xludf.XLOOKUP($E48,$AY:$AY,$AZ:$AZ,"-",0)=BF46,$E48,"-")} -> #NAME? | BG48: =+$F48 -> 2 | BH48: =+$G48 -> 2 | BI48: {=+IF(_xludf.XLOOKUP($H48,$AY:$AY,$AZ:$AZ,"-",0)=BF46,$H48,"-")} -> #NAME? | BK48: =+O48 -> Paises Bajos | BL48: =+COUNTIFS($BE:$BE,"OK",$BI:$BI,BK48)+COUNTIFS($BE:$BE,"OK",$BF:$BF,BK48) -> 0 | BM48: =+COUNTIFS(J:J,$BK48,$BE:$BE,"OK") -> 0 | BN48: =+COUNTIFS(K:K,$BK48,$BE:$BE,"OK")+COUNTIFS(L:L,$BK48,$BE:$BE,"OK") -> 0 | BO48: =+COUNTIFS(M:M,$BK48,$BE:$BE,"OK") -> 0 | BP48: =+BQ48-BR48 -> 0 | BQ48: =+SUMIFS(BG:BG,$BE:$BE,"OK",BF:BF,$BK48)+SUMIFS(BH:BH,$BE:$BE,"OK",BI:BI,$BK48) -> 0 | BR48: =+SUMIFS(BH:BH,$BE:$BE,"OK",BF:BF,$BK48)+SUMIFS(BG:BG,$BE:$BE,"OK",BI:BI,$BK48) -> 0 | BS48: =+BM48*3+BN48*1+BP48/100+BQ48/10000 -> 0 | BT48: {=+IF(BL48=0,0,_xludf.XLOOKUP(BS48,BV48:BV51,BW48:BW51))} -> 0 | BV48: =+LARGE(BS48:BS51,1) -> 0 | BW48: =+BX48/$BW$1 -> 0.3 | BX48: 3 | BY48: =+IF(OR(BZ48="-",CC48="-"),"-","OK") -> #NAME? | BZ48: {=+IF(_xludf.XLOOKUP($E48,$AY:$AY,$AZ:$AZ,"-",0)=BZ46,$E48,"-")} -> #NAME? | CA48: =+$F48 -> 2 | CB48: =+$G48 -> 2 | CC48: {=+IF(_xludf.XLOOKUP($H48,$AY:$AY,$AZ:$AZ,"-",0)=BZ46,$H48,"-")} -> #NAME? | CE48: =+BK48 -> Paises Bajos | CF48: =+COUNTIFS($BY:$BY,"OK",$CC:$CC,CE48)+COUNTIFS($BY:$BY,"OK",$BZ:$BZ,CE48) -> 0 | CG48: =+COUNTIFS(P:P,$BK48,$BY:$BY,"OK") -> 0 | CH48: =+COUNTIFS(K:K,$BK48,$BY:$BY,"OK")+COUNTIFS(L:L,$BK48,$BY:$BY,"OK") -> 0 | CI48: =+COUNTIFS(M:M,$CE48,$BY:$BY,"OK") -> 0 | CJ48: =+CK48-CL48 -> 0 | CK48: =+SUMIFS(CA:CA,$BY:$BY,"OK",BZ:BZ,$BK48)+SUMIFS(CB:CB,$BY:$BY,"OK",CC:CC,$BK48) -> 0 | CL48: =+SUMIFS(CB:CB,$BY:$BY,"OK",BZ:BZ,$BK48)+SUMIFS(CA:CA,$BY:$BY,"OK",CC:CC,$BK48) -> 0 | CM48: =+CG48*3+CH48*1+CJ48/100+CK48/10000 -> 0 | CN48: {=+IF(CF48=0,0,_xludf.XLOOKUP(CM48,CP48:CP51,CQ48:CQ51))} -> 0 | CP48: =+LARGE(CM48:CM51,1) -> 0 | CQ48: =+CR48/$BW$1 -> 0.3 | CR48: 3
A49: GF2 | B49: 46187 | E49: Suecia | F49: 3 | G49: 1 | H49: Tunez | J49: =IF(OR(ISBLANK(F49),ISBLANK(G49)),"",IF(F49>G49,E49,IF(G49>F49,H49,""))) -> Suecia | K49: =IF(OR(ISBLANK(F49),ISBLANK(G49)),"",IF(F49=G49,E49,"")) | L49: =IF(OR(ISBLANK(F49),ISBLANK(G49)),"",IF(F49=G49,H49,"")) | M49: =IF(OR(ISBLANK(F49),ISBLANK(G49)),"",IF(F49<G49,E49,IF(G49<F49,H49,""))) -> Tunez | O49: =+H48 -> Japon | P49: =+COUNTIF(J48:J53,"="&$O49) -> 2 | Q49: =+COUNTIF(K48:L53,"="&$O49) -> 1 | R49: =+COUNTIF(M48:M53,"="&$O49) -> 0 | S49: =+T49-U49 -> 3 | T49: =+SUMIF(E48:E53,$O49,F48:F53)+SUMIF(H48:H53,$O49,G48:G53) -> 5 | U49: =+SUMIF(E48:E53,$O49,G48:G53)+SUMIF(H48:H53,$O49,F48:F53) -> 2 | V49: =+P49*3+Q49*1+BT49+CN49+S49/1000+T49/10000+AV49/1000000+ROW()/10000000 -> 7.0035049 | W49: =+O49 -> Japon | Y49: =+CONCATENATE("2",RIGHT(E47,1)) -> 2F | Z49: =+VLOOKUP(AL49,V48:W51,2,FALSE) -> Japon | AA49: =+SUM(AB49:AD49) -> 3 | AB49: =+VLOOKUP($Z49,$O$48:$U$51,COLUMN()-26,FALSE) -> 2 | AC49: =+VLOOKUP($Z49,$O$48:$U$51,COLUMN()-26,FALSE) -> 1 | AD49: =+VLOOKUP($Z49,$O$48:$U$51,COLUMN()-26,FALSE) -> 0 | AE49: =+VLOOKUP($Z49,$O$48:$U$51,COLUMN()-26,FALSE) -> 3 | AF49: =+VLOOKUP($Z49,$O$48:$U$51,COLUMN()-26,FALSE) -> 5 | AG49: =+VLOOKUP($Z49,$O$48:$U$51,COLUMN()-26,FALSE) -> 2 | AH49: =+VLOOKUP($Z49,$O$48:$V$51,COLUMN()-26,FALSE) -> 7.0035049 | AL49: =+LARGE(V48:V51,2) -> 7.0035049 | AM49: =+(AH49-AL49)*100000000000000000000 -> 0 | AP49: =+O49 -> Japon | AQ49: =+P49*3+Q49*1+BT49+CN49+S49/1000+T49/10000 -> 7.0035 | AR49: =+IF(OR(AQ49=AQ50,AQ49=AQ51),1) -> FALSE | AS49: =+AV49 -> 0 | AT49: =+IF(AND(AM52="si",OR(AR48=1,AR49=1,AR50=1)),1,0) -> 0 | AU49: =+O49 -> Japon | AX49: =+Y47 -> Grupo F | AY49: =+O49 -> Japon | AZ49: =+P49*3+Q49 -> 7 | BA49: =+COUNTIFS($AX$1:AX49,AX49,$AZ$1:AZ49,AZ49) -> 2 | BB49: =+IF(AZ49=BF46,ROW()*0.001,AZ49) -> 0.049 | BC49: =+COUNTIFS($AX$1:AZ49,AZ49,$AZ$1:BB49,BB49) -> 1 | BE49: =+IF(OR(BF49="-",BI49="-",BF46=0),"-","OK") -> #NAME? | BF49: {=+IF(_xludf.XLOOKUP($E49,$AY:$AY,$AZ:$AZ,"-",0)=BF46,$E49,"-")} -> #NAME? | BG49: =+$F49 -> 3 | BH49: =+$G49 -> 1 | BI49: {=+IF(_xludf.XLOOKUP($H49,$AY:$AY,$AZ:$AZ,"-",0)=BF46,$H49,"-")} -> #NAME? | BK49: =+O49 -> Japon | BL49: =+COUNTIFS($BE:$BE,"OK",$BI:$BI,BK49)+COUNTIFS($BE:$BE,"OK",$BF:$BF,BK49) -> 0 | BM49: =+COUNTIFS(J:J,$BK49,$BE:$BE,"OK") -> 0 | BN49: =+COUNTIFS(K:K,$BK49,$BE:$BE,"OK")+COUNTIFS(L:L,$BK49,$BE:$BE,"OK") -> 0 | BO49: =+COUNTIFS(M:M,$BK49,$BE:$BE,"OK") -> 0 | BP49: =+BQ49-BR49 -> 0 | BQ49: =+SUMIFS(BG:BG,$BE:$BE,"OK",BF:BF,$BK49)+SUMIFS(BH:BH,$BE:$BE,"OK",BI:BI,$BK49) -> 0 | BR49: =+SUMIFS(BH:BH,$BE:$BE,"OK",BF:BF,$BK49)+SUMIFS(BG:BG,$BE:$BE,"OK",BI:BI,$BK49) -> 0 | BS49: =+BM49*3+BN49*1+BP49/100+BQ49/10000 -> 0 | BT49: {=+IF(BL49=0,0,_xludf.XLOOKUP(BS49,BV48:BV51,BW48:BW51))} -> 0 | BV49: =+LARGE(BS48:BS51,2) -> 0 | BW49: =+BX49/$BW$1 -> 0.2 | BX49: 2 | BY49: =+IF(OR(BZ49="-",CC49="-"),"-","OK") -> #NAME? | BZ49: {=+IF(_xludf.XLOOKUP($E49,$AY:$AY,$AZ:$AZ,"-",0)=BZ46,$E49,"-")} -> #NAME? | CA49: =+$F49 -> 3 | CB49: =+$G49 -> 1 | CC49: {=+IF(_xludf.XLOOKUP($H49,$AY:$AY,$AZ:$AZ,"-",0)=BZ46,$H49,"-")} -> #NAME? | CE49: =+BK49 -> Japon | CF49: =+COUNTIFS($BY:$BY,"OK",$CC:$CC,CE49)+COUNTIFS($BY:$BY,"OK",$BZ:$BZ,CE49) -> 0 | CG49: =+COUNTIFS(P:P,$BK49,$BY:$BY,"OK") -> 0 | CH49: =+COUNTIFS(K:K,$BK49,$BY:$BY,"OK")+COUNTIFS(L:L,$BK49,$BY:$BY,"OK") -> 0 | CI49: =+COUNTIFS(M:M,$CE49,$BY:$BY,"OK") -> 0 | CJ49: =+CK49-CL49 -> 0 | CK49: =+SUMIFS(CA:CA,$BY:$BY,"OK",BZ:BZ,$BK49)+SUMIFS(CB:CB,$BY:$BY,"OK",CC:CC,$BK49) -> 0 | CL49: =+SUMIFS(CB:CB,$BY:$BY,"OK",BZ:BZ,$BK49)+SUMIFS(CA:CA,$BY:$BY,"OK",CC:CC,$BK49) -> 0 | CM49: =+CG49*3+CH49*1+CJ49/100+CK49/10000 -> 0 | CN49: {=+IF(CF49=0,0,_xludf.XLOOKUP(CM49,CP48:CP51,CQ48:CQ51))} -> 0 | CP49: =+LARGE(CM48:CM51,2) -> 0 | CQ49: =+CR49/$BW$1 -> 0.2 | CR49: 2
A50: GF3 | B50: 46193 | E50: Paises Bajos | F50: 2 | G50: 0 | H50: Suecia | J50: =IF(OR(ISBLANK(F50),ISBLANK(G50)),"",IF(F50>G50,E50,IF(G50>F50,H50,""))) -> Paises Bajos | K50: =IF(OR(ISBLANK(F50),ISBLANK(G50)),"",IF(F50=G50,E50,"")) | L50: =IF(OR(ISBLANK(F50),ISBLANK(G50)),"",IF(F50=G50,H50,"")) | M50: =IF(OR(ISBLANK(F50),ISBLANK(G50)),"",IF(F50<G50,E50,IF(G50<F50,H50,""))) -> Suecia | O50: =+E49 -> Suecia | P50: =+COUNTIF(J48:J53,"="&$O50) -> 1 | Q50: =+COUNTIF(K48:L53,"="&$O50) -> 0 | R50: =+COUNTIF(M48:M53,"="&$O50) -> 2 | S50: =+T50-U50 -> -1 | T50: =+SUMIF(E48:E53,$O50,F48:F53)+SUMIF(H48:H53,$O50,G48:G53) -> 3 | U50: =+SUMIF(E48:E53,$O50,G48:G53)+SUMIF(H48:H53,$O50,F48:F53) -> 4 | V50: =+P50*3+Q50*1+BT50+CN50+S50/1000+T50/10000+AV50/1000000+ROW()/10000000 -> 2.999305 | W50: =+O50 -> Suecia | Y50: =+CONCATENATE("3",RIGHT(E47,1)) -> 3F | Z50: =+VLOOKUP(AL50,V48:W51,2,FALSE) -> Suecia | AA50: =+SUM(AB50:AD50) -> 3 | AB50: =+VLOOKUP($Z50,$O$48:$U$51,COLUMN()-26,FALSE) -> 1 | AC50: =+VLOOKUP($Z50,$O$48:$U$51,COLUMN()-26,FALSE) -> 0 | AD50: =+VLOOKUP($Z50,$O$48:$U$51,COLUMN()-26,FALSE) -> 2 | AE50: =+VLOOKUP($Z50,$O$48:$U$51,COLUMN()-26,FALSE) -> -1 | AF50: =+VLOOKUP($Z50,$O$48:$U$51,COLUMN()-26,FALSE) -> 3 | AG50: =+VLOOKUP($Z50,$O$48:$U$51,COLUMN()-26,FALSE) -> 4 | AH50: =+VLOOKUP($Z50,$O$48:$V$51,COLUMN()-26,FALSE) -> 2.999305 | AI50: =+(COUNTIFS($CV$2:$CV$13,Z50,$CX$2:$CX$13,"IN")+COUNTIFS($CV$2:$CV$13,Z50,$CW$2:$CW$13,"IN"))*IF(SUM(AA48:AA51)=12,1,0) -> 1 | AL50: =+LARGE(V48:V51,3) -> 2.999305 | AM50: =+(AH50-AL50)*100000000000000000000 -> 0 | AP50: =+O50 -> Suecia | AQ50: =+P50*3+Q50*1+BT50+CN50+S50/1000+T50/10000 -> 2.9993 | AR50: =+IF(OR(AQ50=AQ51),1) -> FALSE | AS50: =+AV50 -> 0 | AT50: =+IF(AND(AM52="si",OR(AR48=1,AR49=1,AR50=1)),1,0) -> 0 | AU50: =+O50 -> Suecia | AX50: =+Y47 -> Grupo F | AY50: =+O50 -> Suecia | AZ50: =+P50*3+Q50 -> 3 | BA50: =+COUNTIFS($AX$1:AX50,AX50,$AZ$1:AZ50,AZ50) -> 1 | BB50: =+IF(AZ50=BF46,ROW()*0.001,AZ50) -> 3 | BC50: =+COUNTIFS($AX$1:AZ50,AZ50,$AZ$1:BB50,BB50) -> 3 | BE50: =+IF(OR(BF50="-",BI50="-",BF46=0),"-","OK") -> #NAME? | BF50: {=+IF(_xludf.XLOOKUP($E50,$AY:$AY,$AZ:$AZ,"-",0)=BF46,$E50,"-")} -> #NAME? | BG50: =+$F50 -> 2 | BH50: =+$G50 -> 0 | BI50: {=+IF(_xludf.XLOOKUP($H50,$AY:$AY,$AZ:$AZ,"-",0)=BF46,$H50,"-")} -> #NAME? | BK50: =+O50 -> Suecia | BL50: =+COUNTIFS($BE:$BE,"OK",$BI:$BI,BK50)+COUNTIFS($BE:$BE,"OK",$BF:$BF,BK50) -> 0 | BM50: =+COUNTIFS(J:J,$BK50,$BE:$BE,"OK") -> 0 | BN50: =+COUNTIFS(K:K,$BK50,$BE:$BE,"OK")+COUNTIFS(L:L,$BK50,$BE:$BE,"OK") -> 0 | BO50: =+COUNTIFS(M:M,$BK50,$BE:$BE,"OK") -> 0 | BP50: =+BQ50-BR50 -> 0 | BQ50: =+SUMIFS(BG:BG,$BE:$BE,"OK",BF:BF,$BK50)+SUMIFS(BH:BH,$BE:$BE,"OK",BI:BI,$BK50) -> 0 | BR50: =+SUMIFS(BH:BH,$BE:$BE,"OK",BF:BF,$BK50)+SUMIFS(BG:BG,$BE:$BE,"OK",BI:BI,$BK50) -> 0 | BS50: =+BM50*3+BN50*1+BP50/100+BQ50/10000 -> 0 | BT50: {=+IF(BL50=0,0,_xludf.XLOOKUP(BS50,BV48:BV51,BW48:BW51))} -> 0 | BV50: =+LARGE(BS48:BS51,3) -> 0 | BW50: =+BX50/$BW$1 -> 0.1 | BX50: 1 | BY50: =+IF(OR(BZ50="-",CC50="-"),"-","OK") -> #NAME? | BZ50: {=+IF(_xludf.XLOOKUP($E50,$AY:$AY,$AZ:$AZ,"-",0)=BZ46,$E50,"-")} -> #NAME? | CA50: =+$F50 -> 2 | CB50: =+$G50 -> 0 | CC50: {=+IF(_xludf.XLOOKUP($H50,$AY:$AY,$AZ:$AZ,"-",0)=BZ46,$H50,"-")} -> #NAME? | CE50: =+BK50 -> Suecia | CF50: =+COUNTIFS($BY:$BY,"OK",$CC:$CC,CE50)+COUNTIFS($BY:$BY,"OK",$BZ:$BZ,CE50) -> 0 | CG50: =+COUNTIFS(P:P,$BK50,$BY:$BY,"OK") -> 0 | CH50: =+COUNTIFS(K:K,$BK50,$BY:$BY,"OK")+COUNTIFS(L:L,$BK50,$BY:$BY,"OK") -> 0 | CI50: =+COUNTIFS(M:M,$CE50,$BY:$BY,"OK") -> 0 | CJ50: =+CK50-CL50 -> 0 | CK50: =+SUMIFS(CA:CA,$BY:$BY,"OK",BZ:BZ,$BK50)+SUMIFS(CB:CB,$BY:$BY,"OK",CC:CC,$BK50) -> 0 | CL50: =+SUMIFS(CB:CB,$BY:$BY,"OK",BZ:BZ,$BK50)+SUMIFS(CA:CA,$BY:$BY,"OK",CC:CC,$BK50) -> 0 | CM50: =+CG50*3+CH50*1+CJ50/100+CK50/10000 -> 0 | CN50: {=+IF(CF50=0,0,_xludf.XLOOKUP(CM50,CP48:CP51,CQ48:CQ51))} -> 0 | CP50: =+LARGE(CM48:CM51,3) -> 0 | CQ50: =+CR50/$BW$1 -> 0.1 | CR50: 1
A51: GF4 | B51: 46194 | E51: Tunez | F51: 0 | G51: 2 | H51: Japon | J51: =IF(OR(ISBLANK(F51),ISBLANK(G51)),"",IF(F51>G51,E51,IF(G51>F51,H51,""))) -> Japon | K51: =IF(OR(ISBLANK(F51),ISBLANK(G51)),"",IF(F51=G51,E51,"")) | L51: =IF(OR(ISBLANK(F51),ISBLANK(G51)),"",IF(F51=G51,H51,"")) | M51: =IF(OR(ISBLANK(F51),ISBLANK(G51)),"",IF(F51<G51,E51,IF(G51<F51,H51,""))) -> Tunez | O51: =+H49 -> Tunez | P51: =+COUNTIF(J48:J53,"="&$O51) -> 0 | Q51: =+COUNTIF(K48:L53,"="&$O51) -> 0 | R51: =+COUNTIF(M48:M53,"="&$O51) -> 3 | S51: =+T51-U51 -> -6 | T51: =+SUMIF(E48:E53,$O51,F48:F53)+SUMIF(H48:H53,$O51,G48:G53) -> 1 | U51: =+SUMIF(E48:E53,$O51,G48:G53)+SUMIF(H48:H53,$O51,F48:F53) -> 7 | V51: =+P51*3+Q51*1+BT51+CN51+S51/1000+T51/10000+AV51/1000000+ROW()/10000000 -> -0.0058949 | W51: =+O51 -> Tunez | Y51: =+CONCATENATE("4",RIGHT(E47,1)) -> 4F | Z51: =+VLOOKUP(AL51,V48:W51,2,FALSE) -> Tunez | AA51: =+SUM(AB51:AD51) -> 3 | AB51: =+VLOOKUP($Z51,$O$48:$U$51,COLUMN()-26,FALSE) -> 0 | AC51: =+VLOOKUP($Z51,$O$48:$U$51,COLUMN()-26,FALSE) -> 0 | AD51: =+VLOOKUP($Z51,$O$48:$U$51,COLUMN()-26,FALSE) -> 3 | AE51: =+VLOOKUP($Z51,$O$48:$U$51,COLUMN()-26,FALSE) -> -6 | AF51: =+VLOOKUP($Z51,$O$48:$U$51,COLUMN()-26,FALSE) -> 1 | AG51: =+VLOOKUP($Z51,$O$48:$U$51,COLUMN()-26,FALSE) -> 7 | AH51: =+VLOOKUP($Z51,$O$48:$V$51,COLUMN()-26,FALSE) -> -0.0058949 | AL51: =+LARGE(V48:V51,4) -> -0.0058949 | AM51: =+(AH51-AL51)*100000000000000000000 -> 0 | AP51: =+O51 -> Tunez | AQ51: =+P51*3+Q51*1+BT51+CN51+S51/1000+T51/10000 -> -0.0059 | AS51: =+AV51 -> 0 | AT51: =+IF(AND(AM52="si",OR(AR48=1,AR49=1,AR50=1)),1,0) -> 0 | AU51: =+O51 -> Tunez | AX51: =+Y47 -> Grupo F | AY51: =+O51 -> Tunez | AZ51: =+P51*3+Q51 -> 0 | BA51: =+COUNTIFS($AX$1:AX51,AX51,$AZ$1:AZ51,AZ51) -> 1 | BB51: =+IF(AZ51=BF46,ROW()*0.001,AZ51) -> 0 | BC51: =+COUNTIFS($AX$1:AZ51,AZ51,$AZ$1:BB51,BB51) -> 5 | BE51: =+IF(OR(BF51="-",BI51="-",BF46=0),"-","OK") -> #NAME? | BF51: {=+IF(_xludf.XLOOKUP($E51,$AY:$AY,$AZ:$AZ,"-",0)=BF46,$E51,"-")} -> #NAME? | BG51: =+$F51 -> 0 | BH51: =+$G51 -> 2 | BI51: {=+IF(_xludf.XLOOKUP($H51,$AY:$AY,$AZ:$AZ,"-",0)=BF46,$H51,"-")} -> #NAME? | BK51: =+O51 -> Tunez | BL51: =+COUNTIFS($BE:$BE,"OK",$BI:$BI,BK51)+COUNTIFS($BE:$BE,"OK",$BF:$BF,BK51) -> 0 | BM51: =+COUNTIFS(J:J,$BK51,$BE:$BE,"OK") -> 0 | BN51: =+COUNTIFS(K:K,$BK51,$BE:$BE,"OK")+COUNTIFS(L:L,$BK51,$BE:$BE,"OK") -> 0 | BO51: =+COUNTIFS(M:M,$BK51,$BE:$BE,"OK") -> 0 | BP51: =+BQ51-BR51 -> 0 | BQ51: =+SUMIFS(BG:BG,$BE:$BE,"OK",BF:BF,$BK51)+SUMIFS(BH:BH,$BE:$BE,"OK",BI:BI,$BK51) -> 0 | BR51: =+SUMIFS(BH:BH,$BE:$BE,"OK",BF:BF,$BK51)+SUMIFS(BG:BG,$BE:$BE,"OK",BI:BI,$BK51) -> 0 | BS51: =+BM51*3+BN51*1+BP51/100+BQ51/10000 -> 0 | BT51: {=+IF(BL51=0,0,_xludf.XLOOKUP(BS51,BV48:BV51,BW48:BW51))} -> 0 | BV51: =+LARGE(BS48:BS51,4) -> 0 | BW51: =+BX51/$BW$1 -> 0 | BX51: 0 | BY51: =+IF(OR(BZ51="-",CC51="-"),"-","OK") -> #NAME? | BZ51: {=+IF(_xludf.XLOOKUP($E51,$AY:$AY,$AZ:$AZ,"-",0)=BZ46,$E51,"-")} -> #NAME? | CA51: =+$F51 -> 0 | CB51: =+$G51 -> 2 | CC51: {=+IF(_xludf.XLOOKUP($H51,$AY:$AY,$AZ:$AZ,"-",0)=BZ46,$H51,"-")} -> #NAME? | CE51: =+BK51 -> Tunez | CF51: =+COUNTIFS($BY:$BY,"OK",$CC:$CC,CE51)+COUNTIFS($BY:$BY,"OK",$BZ:$BZ,CE51) -> 0 | CG51: =+COUNTIFS(P:P,$BK51,$BY:$BY,"OK") -> 0 | CH51: =+COUNTIFS(K:K,$BK51,$BY:$BY,"OK")+COUNTIFS(L:L,$BK51,$BY:$BY,"OK") -> 0 | CI51: =+COUNTIFS(M:M,$CE51,$BY:$BY,"OK") -> 0 | CJ51: =+CK51-CL51 -> 0 | CK51: =+SUMIFS(CA:CA,$BY:$BY,"OK",BZ:BZ,$BK51)+SUMIFS(CB:CB,$BY:$BY,"OK",CC:CC,$BK51) -> 0 | CL51: =+SUMIFS(CB:CB,$BY:$BY,"OK",BZ:BZ,$BK51)+SUMIFS(CA:CA,$BY:$BY,"OK",CC:CC,$BK51) -> 0 | CM51: =+CG51*3+CH51*1+CJ51/100+CK51/10000 -> 0 | CN51: {=+IF(CF51=0,0,_xludf.XLOOKUP(CM51,CP48:CP51,CQ48:CQ51))} -> 0 | CP51: =+LARGE(CM48:CM51,4) -> 0 | CQ51: =+CR51/$BW$1 -> 0 | CR51: 0
A52: GF5 | B52: 46198 | E52: Japon | F52: 1 | G52: 0 | H52: Suecia | J52: =IF(OR(ISBLANK(F52),ISBLANK(G52)),"",IF(F52>G52,E52,IF(G52>F52,H52,""))) -> Japon | K52: =IF(OR(ISBLANK(F52),ISBLANK(G52)),"",IF(F52=G52,E52,"")) | L52: =IF(OR(ISBLANK(F52),ISBLANK(G52)),"",IF(F52=G52,H52,"")) | M52: =IF(OR(ISBLANK(F52),ISBLANK(G52)),"",IF(F52<G52,E52,IF(G52<F52,H52,""))) -> Suecia | AL52: Completo? | AM52: =+IF(SUM(AA48:AA51)=12,"si","no") -> si | BE52: =+IF(OR(BF52="-",BI52="-",BF46=0),"-","OK") -> #NAME? | BF52: {=+IF(_xludf.XLOOKUP($E52,$AY:$AY,$AZ:$AZ,"-",0)=BF46,$E52,"-")} -> #NAME? | BG52: =+$F52 -> 1 | BH52: =+$G52 -> 0 | BI52: {=+IF(_xludf.XLOOKUP($H52,$AY:$AY,$AZ:$AZ,"-",0)=BF46,$H52,"-")} -> #NAME? | BY52: =+IF(OR(BZ52="-",CC52="-"),"-","OK") -> #NAME? | BZ52: {=+IF(_xludf.XLOOKUP($E52,$AY:$AY,$AZ:$AZ,"-",0)=BZ46,$E52,"-")} -> #NAME? | CA52: =+$F52 -> 1 | CB52: =+$G52 -> 0 | CC52: {=+IF(_xludf.XLOOKUP($H52,$AY:$AY,$AZ:$AZ,"-",0)=BZ46,$H52,"-")} -> #NAME?
A53: GF6 | B53: 46198 | E53: Tunez | F53: 0 | G53: 2 | H53: Paises Bajos | J53: =IF(OR(ISBLANK(F53),ISBLANK(G53)),"",IF(F53>G53,E53,IF(G53>F53,H53,""))) -> Paises Bajos | K53: =IF(OR(ISBLANK(F53),ISBLANK(G53)),"",IF(F53=G53,E53,"")) | L53: =IF(OR(ISBLANK(F53),ISBLANK(G53)),"",IF(F53=G53,H53,"")) | M53: =IF(OR(ISBLANK(F53),ISBLANK(G53)),"",IF(F53<G53,E53,IF(G53<F53,H53,""))) -> Tunez | Y53: Hay equipos empatados: completar tabla para definir sorteo (valores del 1 al 4, el 4 pasa de ronda) | AR53: =+IF(AND(AM52="si",OR(AR48=1,AR49=1,AR50=1)),1,0) -> 0 | BE53: =+IF(OR(BF53="-",BI53="-",BF46=0),"-","OK") -> #NAME? | BF53: {=+IF(_xludf.XLOOKUP($E53,$AY:$AY,$AZ:$AZ,"-",0)=BF46,$E53,"-")} -> #NAME? | BG53: =+$F53 -> 0 | BH53: =+$G53 -> 2 | BI53: {=+IF(_xludf.XLOOKUP($H53,$AY:$AY,$AZ:$AZ,"-",0)=BF46,$H53,"-")} -> #NAME? | BY53: =+IF(OR(BZ53="-",CC53="-"),"-","OK") -> #NAME? | BZ53: {=+IF(_xludf.XLOOKUP($E53,$AY:$AY,$AZ:$AZ,"-",0)=BZ46,$E53,"-")} -> #NAME? | CA53: =+$F53 -> 0 | CB53: =+$G53 -> 2 | CC53: {=+IF(_xludf.XLOOKUP($H53,$AY:$AY,$AZ:$AZ,"-",0)=BZ46,$H53,"-")} -> #NAME?
BF55: =+IF(BA57>1,AZ57,IF(BA58>1,AZ58,IF(BA59>1,AZ59,IF(BA60>1,AZ60,"-")))) -> - | BW55: 10 | BZ55: =+IF(BC57>1,BB57,IF(BC58>1,BB58,IF(BC59>1,BB59,IF(BC60>1,BB60,"-")))) -> 6 | CQ55: 10
A56: Partido | B56: Fecha | C56: Sede | E56: Grupo G | J56: G | K56: E | L56: E | M56: P | O56: =+E56 -> Grupo G | P56: G | Q56: E | R56: P | S56: Dif | T56: G+ | U56: G- | V56: Ptos | Y56: Grupo G | AA56: J | AB56: G | AC56: E | AD56: P | AE56: Dif | AF56: G+ | AG56: G- | AH56: Ptos | AL56: Ptos | AM56: check | AY56: Empate 1 | AZ56: Ptos | BA56: Empate? | BL56: J | BM56: G | BN56: E | BO56: P | BP56: Dif | BQ56: G+ | BR56: G- | BS56: Ptos | BT56: Extra | BV56: Orden | BW56: Extra | CF56: J | CG56: G | CH56: E | CI56: P | CJ56: Dif | CK56: G+ | CL56: G- | CM56: Ptos | CN56: Extra | CP56: Orden | CQ56: Extra
A57: GG1 | B57: 46188 | E57: Iran | F57: 1 | G57: 0 | H57: Nueva Zelanda | J57: =IF(OR(ISBLANK(F57),ISBLANK(G57)),"",IF(F57>G57,E57,IF(G57>F57,H57,""))) -> Iran | K57: =IF(OR(ISBLANK(F57),ISBLANK(G57)),"",IF(F57=G57,E57,"")) | L57: =IF(OR(ISBLANK(F57),ISBLANK(G57)),"",IF(F57=G57,H57,"")) | M57: =IF(OR(ISBLANK(F57),ISBLANK(G57)),"",IF(F57<G57,E57,IF(G57<F57,H57,""))) -> Nueva Zelanda | O57: =+E57 -> Iran | P57: =+COUNTIF(J57:J62,"="&$O57) -> 2 | Q57: =+COUNTIF(K57:L62,"="&$O57) -> 0 | R57: =+COUNTIF(M57:M62,"="&$O57) -> 1 | S57: =+T57-U57 -> 2 | T57: =+SUMIF(E57:E62,$O57,F57:F62)+SUMIF(H57:H62,$O57,G57:G62) -> 4 | U57: =+SUMIF(E57:E62,$O57,G57:G62)+SUMIF(H57:H62,$O57,F57:F62) -> 2 | V57: =+P57*3+Q57*1+BT57+CN57+S57/1000+T57/10000+AV57/1000000+ROW()/10000000 -> 6.0024057 | W57: =+O57 -> Iran | Y57: =+CONCATENATE("1",RIGHT(E56,1)) -> 1G | Z57: =+VLOOKUP(AL57,V57:W60,2,FALSE) -> Belgica | AA57: =+SUM(AB57:AD57) -> 3 | AB57: =+VLOOKUP($Z57,$O$57:$U$60,COLUMN()-26,FALSE) -> 3 | AC57: =+VLOOKUP($Z57,$O$57:$U$60,COLUMN()-26,FALSE) -> 0 | AD57: =+VLOOKUP($Z57,$O$57:$U$60,COLUMN()-26,FALSE) -> 0 | AE57: =+VLOOKUP($Z57,$O$57:$U$60,COLUMN()-26,FALSE) -> 6 | AF57: =+VLOOKUP($Z57,$O$57:$U$60,COLUMN()-26,FALSE) -> 7 | AG57: =+VLOOKUP($Z57,$O$57:$U$60,COLUMN()-26,FALSE) -> 1 | AH57: =+VLOOKUP($Z57,$O$57:$V$60,COLUMN()-26,FALSE) -> 9.0067059 | AL57: =+LARGE(V57:V60,1) -> 9.0067059 | AM57: =+(AH57-AL57)*100000000000000000000 -> 0 | AP57: =+O57 -> Iran | AQ57: =+P57*3+Q57*1+BT57+CN57+S57/1000+T57/10000 -> 6.0024 | AR57: =+IF(OR(AQ57=AQ58,AQ57=AQ59,AQ57=AQ60),1) -> FALSE | AS57: =+AV57 -> 0 | AT57: =+IF(AND(AM61="si",OR(AR57=1,AR58=1,AR59=1)),1,0) -> 0 | AU57: =+O57 -> Iran | AX57: =+Y56 -> Grupo G | AY57: =+O57 -> Iran | AZ57: =+P57*3+Q57 -> 6 | BA57: =+COUNTIFS($AX$1:AX57,AX57,$AZ$1:AZ57,AZ57) -> 1 | BB57: =+IF(AZ57=BF55,ROW()*0.001,AZ57) -> 6 | BC57: =+COUNTIFS($AX$1:AZ57,AZ57,$AZ$1:BB57,BB57) -> 4 | BE57: =+IF(OR(BF57="-",BI57="-",BF55=0),"-","OK") -> #NAME? | BF57: {=+IF(_xludf.XLOOKUP($E57,$AY:$AY,$AZ:$AZ,"-",0)=BF55,$E57,"-")} -> #NAME? | BG57: =+$F57 -> 1 | BH57: =+$G57 -> 0 | BI57: {=+IF(_xludf.XLOOKUP($H57,$AY:$AY,$AZ:$AZ,"-",0)=BF55,$H57,"-")} -> #NAME? | BK57: =+O57 -> Iran | BL57: =+COUNTIFS($BE:$BE,"OK",$BI:$BI,BK57)+COUNTIFS($BE:$BE,"OK",$BF:$BF,BK57) -> 0 | BM57: =+COUNTIFS(J:J,$BK57,$BE:$BE,"OK") -> 0 | BN57: =+COUNTIFS(K:K,$BK57,$BE:$BE,"OK")+COUNTIFS(L:L,$BK57,$BE:$BE,"OK") -> 0 | BO57: =+COUNTIFS(M:M,$BK57,$BE:$BE,"OK") -> 0 | BP57: =+BQ57-BR57 -> 0 | BQ57: =+SUMIFS(BG:BG,$BE:$BE,"OK",BF:BF,$BK57)+SUMIFS(BH:BH,$BE:$BE,"OK",BI:BI,$BK57) -> 0 | BR57: =+SUMIFS(BH:BH,$BE:$BE,"OK",BF:BF,$BK57)+SUMIFS(BG:BG,$BE:$BE,"OK",BI:BI,$BK57) -> 0 | BS57: =+BM57*3+BN57*1+BP57/100+BQ57/10000 -> 0 | BT57: {=+IF(BL57=0,0,_xludf.XLOOKUP(BS57,BV57:BV60,BW57:BW60))} -> 0 | BV57: =+LARGE(BS57:BS60,1) -> 0 | BW57: =+BX57/$BW$1 -> 0.3 | BX57: 3 | BY57: =+IF(OR(BZ57="-",CC57="-"),"-","OK") -> #NAME? | BZ57: {=+IF(_xludf.XLOOKUP($E57,$AY:$AY,$AZ:$AZ,"-",0)=BZ55,$E57,"-")} -> #NAME? | CA57: =+$F57 -> 1 | CB57: =+$G57 -> 0 | CC57: {=+IF(_xludf.XLOOKUP($H57,$AY:$AY,$AZ:$AZ,"-",0)=BZ55,$H57,"-")} -> #NAME? | CE57: =+BK57 -> Iran | CF57: =+COUNTIFS($BY:$BY,"OK",$CC:$CC,CE57)+COUNTIFS($BY:$BY,"OK",$BZ:$BZ,CE57) -> 0 | CG57: =+COUNTIFS(P:P,$BK57,$BY:$BY,"OK") -> 0 | CH57: =+COUNTIFS(K:K,$BK57,$BY:$BY,"OK")+COUNTIFS(L:L,$BK57,$BY:$BY,"OK") -> 0 | CI57: =+COUNTIFS(M:M,$CE57,$BY:$BY,"OK") -> 0 | CJ57: =+CK57-CL57 -> 0 | CK57: =+SUMIFS(CA:CA,$BY:$BY,"OK",BZ:BZ,$BK57)+SUMIFS(CB:CB,$BY:$BY,"OK",CC:CC,$BK57) -> 0 | CL57: =+SUMIFS(CB:CB,$BY:$BY,"OK",BZ:BZ,$BK57)+SUMIFS(CA:CA,$BY:$BY,"OK",CC:CC,$BK57) -> 0 | CM57: =+CG57*3+CH57*1+CJ57/100+CK57/10000 -> 0 | CN57: {=+IF(CF57=0,0,_xludf.XLOOKUP(CM57,CP57:CP60,CQ57:CQ60))} -> 0 | CP57: =+LARGE(CM57:CM60,1) -> 0 | CQ57: =+CR57/$BW$1 -> 0.3 | CR57: 3
A58: GG2 | B58: 46188 | E58: Belgica | F58: 3 | G58: 0 | H58: Egipto | J58: =IF(OR(ISBLANK(F58),ISBLANK(G58)),"",IF(F58>G58,E58,IF(G58>F58,H58,""))) -> Belgica | K58: =IF(OR(ISBLANK(F58),ISBLANK(G58)),"",IF(F58=G58,E58,"")) | L58: =IF(OR(ISBLANK(F58),ISBLANK(G58)),"",IF(F58=G58,H58,"")) | M58: =IF(OR(ISBLANK(F58),ISBLANK(G58)),"",IF(F58<G58,E58,IF(G58<F58,H58,""))) -> Egipto | O58: =+H57 -> Nueva Zelanda | P58: =+COUNTIF(J57:J62,"="&$O58) -> 1 | Q58: =+COUNTIF(K57:L62,"="&$O58) -> 0 | R58: =+COUNTIF(M57:M62,"="&$O58) -> 2 | S58: =+T58-U58 -> -2 | T58: =+SUMIF(E57:E62,$O58,F57:F62)+SUMIF(H57:H62,$O58,G57:G62) -> 1 | U58: =+SUMIF(E57:E62,$O58,G57:G62)+SUMIF(H57:H62,$O58,F57:F62) -> 3 | V58: =+P58*3+Q58*1+BT58+CN58+S58/1000+T58/10000+AV58/1000000+ROW()/10000000 -> 2.9981058 | W58: =+O58 -> Nueva Zelanda | Y58: =+CONCATENATE("2",RIGHT(E56,1)) -> 2G | Z58: =+VLOOKUP(AL58,V57:W60,2,FALSE) -> Iran | AA58: =+SUM(AB58:AD58) -> 3 | AB58: =+VLOOKUP($Z58,$O$57:$U$60,COLUMN()-26,FALSE) -> 2 | AC58: =+VLOOKUP($Z58,$O$57:$U$60,COLUMN()-26,FALSE) -> 0 | AD58: =+VLOOKUP($Z58,$O$57:$U$60,COLUMN()-26,FALSE) -> 1 | AE58: =+VLOOKUP($Z58,$O$57:$U$60,COLUMN()-26,FALSE) -> 2 | AF58: =+VLOOKUP($Z58,$O$57:$U$60,COLUMN()-26,FALSE) -> 4 | AG58: =+VLOOKUP($Z58,$O$57:$U$60,COLUMN()-26,FALSE) -> 2 | AH58: =+VLOOKUP($Z58,$O$57:$V$60,COLUMN()-26,FALSE) -> 6.0024057 | AL58: =+LARGE(V57:V60,2) -> 6.0024057 | AM58: =+(AH58-AL58)*100000000000000000000 -> 0 | AP58: =+O58 -> Nueva Zelanda | AQ58: =+P58*3+Q58*1+BT58+CN58+S58/1000+T58/10000 -> 2.9981 | AR58: =+IF(OR(AQ58=AQ59,AQ58=AQ60),1) -> FALSE | AS58: =+AV58 -> 0 | AT58: =+IF(AND(AM61="si",OR(AR57=1,AR58=1,AR59=1)),1,0) -> 0 | AU58: =+O58 -> Nueva Zelanda | AX58: =+Y56 -> Grupo G | AY58: =+O58 -> Nueva Zelanda | AZ58: =+P58*3+Q58 -> 3 | BA58: =+COUNTIFS($AX$1:AX58,AX58,$AZ$1:AZ58,AZ58) -> 1 | BB58: =+IF(AZ58=BF55,ROW()*0.001,AZ58) -> 3 | BC58: =+COUNTIFS($AX$1:AZ58,AZ58,$AZ$1:BB58,BB58) -> 4 | BE58: =+IF(OR(BF58="-",BI58="-",BF55=0),"-","OK") -> #NAME? | BF58: {=+IF(_xludf.XLOOKUP($E58,$AY:$AY,$AZ:$AZ,"-",0)=BF55,$E58,"-")} -> #NAME? | BG58: =+$F58 -> 3 | BH58: =+$G58 -> 0 | BI58: {=+IF(_xludf.XLOOKUP($H58,$AY:$AY,$AZ:$AZ,"-",0)=BF55,$H58,"-")} -> #NAME? | BK58: =+O58 -> Nueva Zelanda | BL58: =+COUNTIFS($BE:$BE,"OK",$BI:$BI,BK58)+COUNTIFS($BE:$BE,"OK",$BF:$BF,BK58) -> 0 | BM58: =+COUNTIFS(J:J,$BK58,$BE:$BE,"OK") -> 0 | BN58: =+COUNTIFS(K:K,$BK58,$BE:$BE,"OK")+COUNTIFS(L:L,$BK58,$BE:$BE,"OK") -> 0 | BO58: =+COUNTIFS(M:M,$BK58,$BE:$BE,"OK") -> 0 | BP58: =+BQ58-BR58 -> 0 | BQ58: =+SUMIFS(BG:BG,$BE:$BE,"OK",BF:BF,$BK58)+SUMIFS(BH:BH,$BE:$BE,"OK",BI:BI,$BK58) -> 0 | BR58: =+SUMIFS(BH:BH,$BE:$BE,"OK",BF:BF,$BK58)+SUMIFS(BG:BG,$BE:$BE,"OK",BI:BI,$BK58) -> 0 | BS58: =+BM58*3+BN58*1+BP58/100+BQ58/10000 -> 0 | BT58: {=+IF(BL58=0,0,_xludf.XLOOKUP(BS58,BV57:BV60,BW57:BW60))} -> 0 | BV58: =+LARGE(BS57:BS60,2) -> 0 | BW58: =+BX58/$BW$1 -> 0.2 | BX58: 2 | BY58: =+IF(OR(BZ58="-",CC58="-"),"-","OK") -> #NAME? | BZ58: {=+IF(_xludf.XLOOKUP($E58,$AY:$AY,$AZ:$AZ,"-",0)=BZ55,$E58,"-")} -> #NAME? | CA58: =+$F58 -> 3 | CB58: =+$G58 -> 0 | CC58: {=+IF(_xludf.XLOOKUP($H58,$AY:$AY,$AZ:$AZ,"-",0)=BZ55,$H58,"-")} -> #NAME? | CE58: =+BK58 -> Nueva Zelanda | CF58: =+COUNTIFS($BY:$BY,"OK",$CC:$CC,CE58)+COUNTIFS($BY:$BY,"OK",$BZ:$BZ,CE58) -> 0 | CG58: =+COUNTIFS(P:P,$BK58,$BY:$BY,"OK") -> 0 | CH58: =+COUNTIFS(K:K,$BK58,$BY:$BY,"OK")+COUNTIFS(L:L,$BK58,$BY:$BY,"OK") -> 0 | CI58: =+COUNTIFS(M:M,$CE58,$BY:$BY,"OK") -> 0 | CJ58: =+CK58-CL58 -> 0 | CK58: =+SUMIFS(CA:CA,$BY:$BY,"OK",BZ:BZ,$BK58)+SUMIFS(CB:CB,$BY:$BY,"OK",CC:CC,$BK58) -> 0 | CL58: =+SUMIFS(CB:CB,$BY:$BY,"OK",BZ:BZ,$BK58)+SUMIFS(CA:CA,$BY:$BY,"OK",CC:CC,$BK58) -> 0 | CM58: =+CG58*3+CH58*1+CJ58/100+CK58/10000 -> 0 | CN58: {=+IF(CF58=0,0,_xludf.XLOOKUP(CM58,CP57:CP60,CQ57:CQ60))} -> 0 | CP58: =+LARGE(CM57:CM60,2) -> 0 | CQ58: =+CR58/$BW$1 -> 0.2 | CR58: 2
A59: GG3 | B59: 46194 | E59: Belgica | F59: 2 | G59: 1 | H59: Iran | J59: =IF(OR(ISBLANK(F59),ISBLANK(G59)),"",IF(F59>G59,E59,IF(G59>F59,H59,""))) -> Belgica | K59: =IF(OR(ISBLANK(F59),ISBLANK(G59)),"",IF(F59=G59,E59,"")) | L59: =IF(OR(ISBLANK(F59),ISBLANK(G59)),"",IF(F59=G59,H59,"")) | M59: =IF(OR(ISBLANK(F59),ISBLANK(G59)),"",IF(F59<G59,E59,IF(G59<F59,H59,""))) -> Iran | O59: =+E58 -> Belgica | P59: =+COUNTIF(J57:J62,"="&$O59) -> 3 | Q59: =+COUNTIF(K57:L62,"="&$O59) -> 0 | R59: =+COUNTIF(M57:M62,"="&$O59) -> 0 | S59: =+T59-U59 -> 6 | T59: =+SUMIF(E57:E62,$O59,F57:F62)+SUMIF(H57:H62,$O59,G57:G62) -> 7 | U59: =+SUMIF(E57:E62,$O59,G57:G62)+SUMIF(H57:H62,$O59,F57:F62) -> 1 | V59: =+P59*3+Q59*1+BT59+CN59+S59/1000+T59/10000+AV59/1000000+ROW()/10000000 -> 9.0067059 | W59: =+O59 -> Belgica | Y59: =+CONCATENATE("3",RIGHT(E56,1)) -> 3G | Z59: =+VLOOKUP(AL59,V57:W60,2,FALSE) -> Nueva Zelanda | AA59: =+SUM(AB59:AD59) -> 3 | AB59: =+VLOOKUP($Z59,$O$57:$U$60,COLUMN()-26,FALSE) -> 1 | AC59: =+VLOOKUP($Z59,$O$57:$U$60,COLUMN()-26,FALSE) -> 0 | AD59: =+VLOOKUP($Z59,$O$57:$U$60,COLUMN()-26,FALSE) -> 2 | AE59: =+VLOOKUP($Z59,$O$57:$U$60,COLUMN()-26,FALSE) -> -2 | AF59: =+VLOOKUP($Z59,$O$57:$U$60,COLUMN()-26,FALSE) -> 1 | AG59: =+VLOOKUP($Z59,$O$57:$U$60,COLUMN()-26,FALSE) -> 3 | AH59: =+VLOOKUP($Z59,$O$57:$V$60,COLUMN()-26,FALSE) -> 2.9981058 | AI59: =+(COUNTIFS($CV$2:$CV$13,Z59,$CX$2:$CX$13,"IN")+COUNTIFS($CV$2:$CV$13,Z59,$CW$2:$CW$13,"IN"))*IF(SUM(AA57:AA60)=12,1,0) -> 1 | AL59: =+LARGE(V57:V60,3) -> 2.9981058 | AM59: =+(AH59-AL59)*100000000000000000000 -> 0 | AP59: =+O59 -> Belgica | AQ59: =+P59*3+Q59*1+BT59+CN59+S59/1000+T59/10000 -> 9.0067 | AR59: =+IF(OR(AQ59=AQ60),1) -> FALSE | AS59: =+AV59 -> 0 | AT59: =+IF(AND(AM61="si",OR(AR57=1,AR58=1,AR59=1)),1,0) -> 0 | AU59: =+O59 -> Belgica | AX59: =+Y56 -> Grupo G | AY59: =+O59 -> Belgica | AZ59: =+P59*3+Q59 -> 9 | BA59: =+COUNTIFS($AX$1:AX59,AX59,$AZ$1:AZ59,AZ59) -> 1 | BB59: =+IF(AZ59=BF55,ROW()*0.001,AZ59) -> 9 | BC59: =+COUNTIFS($AX$1:AZ59,AZ59,$AZ$1:BB59,BB59) -> 4 | BE59: =+IF(OR(BF59="-",BI59="-",BF55=0),"-","OK") -> #NAME? | BF59: {=+IF(_xludf.XLOOKUP($E59,$AY:$AY,$AZ:$AZ,"-",0)=BF55,$E59,"-")} -> #NAME? | BG59: =+$F59 -> 2 | BH59: =+$G59 -> 1 | BI59: {=+IF(_xludf.XLOOKUP($H59,$AY:$AY,$AZ:$AZ,"-",0)=BF55,$H59,"-")} -> #NAME? | BK59: =+O59 -> Belgica | BL59: =+COUNTIFS($BE:$BE,"OK",$BI:$BI,BK59)+COUNTIFS($BE:$BE,"OK",$BF:$BF,BK59) -> 0 | BM59: =+COUNTIFS(J:J,$BK59,$BE:$BE,"OK") -> 0 | BN59: =+COUNTIFS(K:K,$BK59,$BE:$BE,"OK")+COUNTIFS(L:L,$BK59,$BE:$BE,"OK") -> 0 | BO59: =+COUNTIFS(M:M,$BK59,$BE:$BE,"OK") -> 0 | BP59: =+BQ59-BR59 -> 0 | BQ59: =+SUMIFS(BG:BG,$BE:$BE,"OK",BF:BF,$BK59)+SUMIFS(BH:BH,$BE:$BE,"OK",BI:BI,$BK59) -> 0 | BR59: =+SUMIFS(BH:BH,$BE:$BE,"OK",BF:BF,$BK59)+SUMIFS(BG:BG,$BE:$BE,"OK",BI:BI,$BK59) -> 0 | BS59: =+BM59*3+BN59*1+BP59/100+BQ59/10000 -> 0 | BT59: {=+IF(BL59=0,0,_xludf.XLOOKUP(BS59,BV57:BV60,BW57:BW60))} -> 0 | BV59: =+LARGE(BS57:BS60,3) -> 0 | BW59: =+BX59/$BW$1 -> 0.1 | BX59: 1 | BY59: =+IF(OR(BZ59="-",CC59="-"),"-","OK") -> #NAME? | BZ59: {=+IF(_xludf.XLOOKUP($E59,$AY:$AY,$AZ:$AZ,"-",0)=BZ55,$E59,"-")} -> #NAME? | CA59: =+$F59 -> 2 | CB59: =+$G59 -> 1 | CC59: {=+IF(_xludf.XLOOKUP($H59,$AY:$AY,$AZ:$AZ,"-",0)=BZ55,$H59,"-")} -> #NAME? | CE59: =+BK59 -> Belgica | CF59: =+COUNTIFS($BY:$BY,"OK",$CC:$CC,CE59)+COUNTIFS($BY:$BY,"OK",$BZ:$BZ,CE59) -> 0 | CG59: =+COUNTIFS(P:P,$BK59,$BY:$BY,"OK") -> 0 | CH59: =+COUNTIFS(K:K,$BK59,$BY:$BY,"OK")+COUNTIFS(L:L,$BK59,$BY:$BY,"OK") -> 0 | CI59: =+COUNTIFS(M:M,$CE59,$BY:$BY,"OK") -> 0 | CJ59: =+CK59-CL59 -> 0 | CK59: =+SUMIFS(CA:CA,$BY:$BY,"OK",BZ:BZ,$BK59)+SUMIFS(CB:CB,$BY:$BY,"OK",CC:CC,$BK59) -> 0 | CL59: =+SUMIFS(CB:CB,$BY:$BY,"OK",BZ:BZ,$BK59)+SUMIFS(CA:CA,$BY:$BY,"OK",CC:CC,$BK59) -> 0 | CM59: =+CG59*3+CH59*1+CJ59/100+CK59/10000 -> 0 | CN59: {=+IF(CF59=0,0,_xludf.XLOOKUP(CM59,CP57:CP60,CQ57:CQ60))} -> 0 | CP59: =+LARGE(CM57:CM60,3) -> 0 | CQ59: =+CR59/$BW$1 -> 0.1 | CR59: 1
A60: GG4 | B60: 46194 | E60: Nueva Zelanda | F60: 1 | G60: 0 | H60: Egipto | J60: =IF(OR(ISBLANK(F60),ISBLANK(G60)),"",IF(F60>G60,E60,IF(G60>F60,H60,""))) -> Nueva Zelanda | K60: =IF(OR(ISBLANK(F60),ISBLANK(G60)),"",IF(F60=G60,E60,"")) | L60: =IF(OR(ISBLANK(F60),ISBLANK(G60)),"",IF(F60=G60,H60,"")) | M60: =IF(OR(ISBLANK(F60),ISBLANK(G60)),"",IF(F60<G60,E60,IF(G60<F60,H60,""))) -> Egipto | O60: =+H58 -> Egipto | P60: =+COUNTIF(J57:J62,"="&$O60) -> 0 | Q60: =+COUNTIF(K57:L62,"="&$O60) -> 0 | R60: =+COUNTIF(M57:M62,"="&$O60) -> 3 | S60: =+T60-U60 -> -6 | T60: =+SUMIF(E57:E62,$O60,F57:F62)+SUMIF(H57:H62,$O60,G57:G62) -> 0 | U60: =+SUMIF(E57:E62,$O60,G57:G62)+SUMIF(H57:H62,$O60,F57:F62) -> 6 | V60: =+P60*3+Q60*1+BT60+CN60+S60/1000+T60/10000+AV60/1000000+ROW()/10000000 -> -0.005994 | W60: =+O60 -> Egipto | Y60: =+CONCATENATE("4",RIGHT(E56,1)) -> 4G | Z60: =+VLOOKUP(AL60,V57:W60,2,FALSE) -> Egipto | AA60: =+SUM(AB60:AD60) -> 3 | AB60: =+VLOOKUP($Z60,$O$57:$U$60,COLUMN()-26,FALSE) -> 0 | AC60: =+VLOOKUP($Z60,$O$57:$U$60,COLUMN()-26,FALSE) -> 0 | AD60: =+VLOOKUP($Z60,$O$57:$U$60,COLUMN()-26,FALSE) -> 3 | AE60: =+VLOOKUP($Z60,$O$57:$U$60,COLUMN()-26,FALSE) -> -6 | AF60: =+VLOOKUP($Z60,$O$57:$U$60,COLUMN()-26,FALSE) -> 0 | AG60: =+VLOOKUP($Z60,$O$57:$U$60,COLUMN()-26,FALSE) -> 6 | AH60: =+VLOOKUP($Z60,$O$57:$V$60,COLUMN()-26,FALSE) -> -0.005994 | AL60: =+LARGE(V57:V60,4) -> -0.005994 | AM60: =+(AH60-AL60)*100000000000000000000 -> 0 | AP60: =+O60 -> Egipto | AQ60: =+P60*3+Q60*1+BT60+CN60+S60/1000+T60/10000 -> -0.006 | AS60: =+AV60 -> 0 | AT60: =+IF(AND(AM61="si",OR(AR57=1,AR58=1,AR59=1)),1,0) -> 0 | AU60: =+O60 -> Egipto | AX60: =+Y56 -> Grupo G | AY60: =+O60 -> Egipto | AZ60: =+P60*3+Q60 -> 0 | BA60: =+COUNTIFS($AX$1:AX60,AX60,$AZ$1:AZ60,AZ60) -> 1 | BB60: =+IF(AZ60=BF55,ROW()*0.001,AZ60) -> 0 | BC60: =+COUNTIFS($AX$1:AZ60,AZ60,$AZ$1:BB60,BB60) -> 6 | BE60: =+IF(OR(BF60="-",BI60="-",BF55=0),"-","OK") -> #NAME? | BF60: {=+IF(_xludf.XLOOKUP($E60,$AY:$AY,$AZ:$AZ,"-",0)=BF55,$E60,"-")} -> #NAME? | BG60: =+$F60 -> 1 | BH60: =+$G60 -> 0 | BI60: {=+IF(_xludf.XLOOKUP($H60,$AY:$AY,$AZ:$AZ,"-",0)=BF55,$H60,"-")} -> #NAME? | BK60: =+O60 -> Egipto | BL60: =+COUNTIFS($BE:$BE,"OK",$BI:$BI,BK60)+COUNTIFS($BE:$BE,"OK",$BF:$BF,BK60) -> 0 | BM60: =+COUNTIFS(J:J,$BK60,$BE:$BE,"OK") -> 0 | BN60: =+COUNTIFS(K:K,$BK60,$BE:$BE,"OK")+COUNTIFS(L:L,$BK60,$BE:$BE,"OK") -> 0 | BO60: =+COUNTIFS(M:M,$BK60,$BE:$BE,"OK") -> 0 | BP60: =+BQ60-BR60 -> 0 | BQ60: =+SUMIFS(BG:BG,$BE:$BE,"OK",BF:BF,$BK60)+SUMIFS(BH:BH,$BE:$BE,"OK",BI:BI,$BK60) -> 0 | BR60: =+SUMIFS(BH:BH,$BE:$BE,"OK",BF:BF,$BK60)+SUMIFS(BG:BG,$BE:$BE,"OK",BI:BI,$BK60) -> 0 | BS60: =+BM60*3+BN60*1+BP60/100+BQ60/10000 -> 0 | BT60: {=+IF(BL60=0,0,_xludf.XLOOKUP(BS60,BV57:BV60,BW57:BW60))} -> 0 | BV60: =+LARGE(BS57:BS60,4) -> 0 | BW60: =+BX60/$BW$1 -> 0 | BX60: 0 | BY60: =+IF(OR(BZ60="-",CC60="-"),"-","OK") -> #NAME? | BZ60: {=+IF(_xludf.XLOOKUP($E60,$AY:$AY,$AZ:$AZ,"-",0)=BZ55,$E60,"-")} -> #NAME? | CA60: =+$F60 -> 1 | CB60: =+$G60 -> 0 | CC60: {=+IF(_xludf.XLOOKUP($H60,$AY:$AY,$AZ:$AZ,"-",0)=BZ55,$H60,"-")} -> #NAME? | CE60: =+BK60 -> Egipto | CF60: =+COUNTIFS($BY:$BY,"OK",$CC:$CC,CE60)+COUNTIFS($BY:$BY,"OK",$BZ:$BZ,CE60) -> 0 | CG60: =+COUNTIFS(P:P,$BK60,$BY:$BY,"OK") -> 0 | CH60: =+COUNTIFS(K:K,$BK60,$BY:$BY,"OK")+COUNTIFS(L:L,$BK60,$BY:$BY,"OK") -> 0 | CI60: =+COUNTIFS(M:M,$CE60,$BY:$BY,"OK") -> 0 | CJ60: =+CK60-CL60 -> 0 | CK60: =+SUMIFS(CA:CA,$BY:$BY,"OK",BZ:BZ,$BK60)+SUMIFS(CB:CB,$BY:$BY,"OK",CC:CC,$BK60) -> 0 | CL60: =+SUMIFS(CB:CB,$BY:$BY,"OK",BZ:BZ,$BK60)+SUMIFS(CA:CA,$BY:$BY,"OK",CC:CC,$BK60) -> 0 | CM60: =+CG60*3+CH60*1+CJ60/100+CK60/10000 -> 0 | CN60: {=+IF(CF60=0,0,_xludf.XLOOKUP(CM60,CP57:CP60,CQ57:CQ60))} -> 0 | CP60: =+LARGE(CM57:CM60,4) -> 0 | CQ60: =+CR60/$BW$1 -> 0 | CR60: 0
A61: GG5 | B61: 46200 | E61: Nueva Zelanda | F61: 0 | G61: 2 | H61: Belgica | J61: =IF(OR(ISBLANK(F61),ISBLANK(G61)),"",IF(F61>G61,E61,IF(G61>F61,H61,""))) -> Belgica | K61: =IF(OR(ISBLANK(F61),ISBLANK(G61)),"",IF(F61=G61,E61,"")) | L61: =IF(OR(ISBLANK(F61),ISBLANK(G61)),"",IF(F61=G61,H61,"")) | M61: =IF(OR(ISBLANK(F61),ISBLANK(G61)),"",IF(F61<G61,E61,IF(G61<F61,H61,""))) -> Nueva Zelanda | AL61: Completo? | AM61: =+IF(SUM(AA57:AA60)=12,"si","no") -> si | BE61: =+IF(OR(BF61="-",BI61="-",BF55=0),"-","OK") -> #NAME? | BF61: {=+IF(_xludf.XLOOKUP($E61,$AY:$AY,$AZ:$AZ,"-",0)=BF55,$E61,"-")} -> #NAME? | BG61: =+$F61 -> 0 | BH61: =+$G61 -> 2 | BI61: {=+IF(_xludf.XLOOKUP($H61,$AY:$AY,$AZ:$AZ,"-",0)=BF55,$H61,"-")} -> #NAME? | BY61: =+IF(OR(BZ61="-",CC61="-"),"-","OK") -> #NAME? | BZ61: {=+IF(_xludf.XLOOKUP($E61,$AY:$AY,$AZ:$AZ,"-",0)=BZ55,$E61,"-")} -> #NAME? | CA61: =+$F61 -> 0 | CB61: =+$G61 -> 2 | CC61: {=+IF(_xludf.XLOOKUP($H61,$AY:$AY,$AZ:$AZ,"-",0)=BZ55,$H61,"-")} -> #NAME?
A62: GG6 | B62: 46200 | E62: Egipto | F62: 0 | G62: 2 | H62: Iran | J62: =IF(OR(ISBLANK(F62),ISBLANK(G62)),"",IF(F62>G62,E62,IF(G62>F62,H62,""))) -> Iran | K62: =IF(OR(ISBLANK(F62),ISBLANK(G62)),"",IF(F62=G62,E62,"")) | L62: =IF(OR(ISBLANK(F62),ISBLANK(G62)),"",IF(F62=G62,H62,"")) | M62: =IF(OR(ISBLANK(F62),ISBLANK(G62)),"",IF(F62<G62,E62,IF(G62<F62,H62,""))) -> Egipto | Y62: Hay equipos empatados: completar tabla para definir sorteo (valores del 1 al 4, el 4 pasa de ronda) | AR62: =+IF(AND(AM61="si",OR(AR57=1,AR58=1,AR59=1)),1,0) -> 0 | BE62: =+IF(OR(BF62="-",BI62="-",BF55=0),"-","OK") -> #NAME? | BF62: {=+IF(_xludf.XLOOKUP($E62,$AY:$AY,$AZ:$AZ,"-",0)=BF55,$E62,"-")} -> #NAME? | BG62: =+$F62 -> 0 | BH62: =+$G62 -> 2 | BI62: {=+IF(_xludf.XLOOKUP($H62,$AY:$AY,$AZ:$AZ,"-",0)=BF55,$H62,"-")} -> #NAME? | BY62: =+IF(OR(BZ62="-",CC62="-"),"-","OK") -> #NAME? | BZ62: {=+IF(_xludf.XLOOKUP($E62,$AY:$AY,$AZ:$AZ,"-",0)=BZ55,$E62,"-")} -> #NAME? | CA62: =+$F62 -> 0 | CB62: =+$G62 -> 2 | CC62: {=+IF(_xludf.XLOOKUP($H62,$AY:$AY,$AZ:$AZ,"-",0)=BZ55,$H62,"-")} -> #NAME?
BF64: =+IF(BA66>1,AZ66,IF(BA67>1,AZ67,IF(BA68>1,AZ68,IF(BA69>1,AZ69,"-")))) -> - | BW64: 10 | BZ64: =+IF(BC66>1,BB66,IF(BC67>1,BB67,IF(BC68>1,BB68,IF(BC69>1,BB69,"-")))) -> 9 | CQ64: 10
A65: Partido | B65: Fecha | C65: Sede | E65: Grupo H | J65: G | K65: E | L65: E | M65: P | O65: =+E65 -> Grupo H | P65: G | Q65: E | R65: P | S65: Dif | T65: G+ | U65: G- | V65: Ptos | Y65: Grupo H | AA65: J | AB65: G | AC65: E | AD65: P | AE65: Dif | AF65: G+ | AG65: G- | AH65: Ptos | AL65: Ptos | AM65: check | AY65: Empate 1 | AZ65: Ptos | BA65: Empate? | BL65: J | BM65: G | BN65: E | BO65: P | BP65: Dif | BQ65: G+ | BR65: G- | BS65: Ptos | BT65: Extra | BV65: Orden | BW65: Extra | CF65: J | CG65: G | CH65: E | CI65: P | CJ65: Dif | CK65: G+ | CL65: G- | CM65: Ptos | CN65: Extra | CP65: Orden | CQ65: Extra
A66: GH1 | B66: 46188 | E66: España | F66: 3 | G66: 0 | H66: Cabo Verde | J66: =IF(OR(ISBLANK(F66),ISBLANK(G66)),"",IF(F66>G66,E66,IF(G66>F66,H66,""))) -> España | K66: =IF(OR(ISBLANK(F66),ISBLANK(G66)),"",IF(F66=G66,E66,"")) | L66: =IF(OR(ISBLANK(F66),ISBLANK(G66)),"",IF(F66=G66,H66,"")) | M66: =IF(OR(ISBLANK(F66),ISBLANK(G66)),"",IF(F66<G66,E66,IF(G66<F66,H66,""))) -> Cabo Verde | O66: =+E66 -> España | P66: =+COUNTIF(J66:J71,"="&$O66) -> 3 | Q66: =+COUNTIF(K66:L71,"="&$O66) -> 0 | R66: =+COUNTIF(M66:M71,"="&$O66) -> 0 | S66: =+T66-U66 -> 6 | T66: =+SUMIF(E66:E71,$O66,F66:F71)+SUMIF(H66:H71,$O66,G66:G71) -> 6 | U66: =+SUMIF(E66:E71,$O66,G66:G71)+SUMIF(H66:H71,$O66,F66:F71) -> 0 | V66: =+P66*3+Q66*1+BT66+CN66+S66/1000+T66/10000+AV66/1000000+ROW()/10000000 -> 9.0066066 | W66: =+O66 -> España | Y66: =+CONCATENATE("1",RIGHT(E65,1)) -> 1H | Z66: =+VLOOKUP(AL66,V66:W69,2,FALSE) -> España | AA66: =+SUM(AB66:AD66) -> 3 | AB66: =+VLOOKUP($Z66,$O$66:$U$69,COLUMN()-26,FALSE) -> 3 | AC66: =+VLOOKUP($Z66,$O$66:$U$69,COLUMN()-26,FALSE) -> 0 | AD66: =+VLOOKUP($Z66,$O$66:$U$69,COLUMN()-26,FALSE) -> 0 | AE66: =+VLOOKUP($Z66,$O$66:$U$69,COLUMN()-26,FALSE) -> 6 | AF66: =+VLOOKUP($Z66,$O$66:$U$69,COLUMN()-26,FALSE) -> 6 | AG66: =+VLOOKUP($Z66,$O$66:$U$69,COLUMN()-26,FALSE) -> 0 | AH66: =+VLOOKUP($Z66,$O$66:$V$69,COLUMN()-26,FALSE) -> 9.0066066 | AL66: =+LARGE(V66:V69,1) -> 9.0066066 | AM66: =+(AH66-AL66)*100000000000000000000 -> 0 | AP66: =+O66 -> España | AQ66: =+P66*3+Q66*1+BT66+CN66+S66/1000+T66/10000 -> 9.0066 | AR66: =+IF(OR(AQ66=AQ67,AQ66=AQ68,AQ66=AQ69),1) -> FALSE | AS66: =+AV66 -> 0 | AT66: =+IF(AND(AM70="si",OR(AR66=1,AR67=1,AR68=1)),1,0) -> 0 | AU66: =+O66 -> España | AX66: =+Y65 -> Grupo H | AY66: =+O66 -> España | AZ66: =+P66*3+Q66 -> 9 | BA66: =+COUNTIFS($AX$1:AX66,AX66,$AZ$1:AZ66,AZ66) -> 1 | BB66: =+IF(AZ66=BF64,ROW()*0.001,AZ66) -> 9 | BC66: =+COUNTIFS($AX$1:AZ66,AZ66,$AZ$1:BB66,BB66) -> 5 | BE66: =+IF(OR(BF66="-",BI66="-",BF64=0),"-","OK") -> #NAME? | BF66: {=+IF(_xludf.XLOOKUP($E66,$AY:$AY,$AZ:$AZ,"-",0)=BF64,$E66,"-")} -> #NAME? | BG66: =+$F66 -> 3 | BH66: =+$G66 -> 0 | BI66: {=+IF(_xludf.XLOOKUP($H66,$AY:$AY,$AZ:$AZ,"-",0)=BF64,$H66,"-")} -> #NAME? | BK66: =+O66 -> España | BL66: =+COUNTIFS($BE:$BE,"OK",$BI:$BI,BK66)+COUNTIFS($BE:$BE,"OK",$BF:$BF,BK66) -> 0 | BM66: =+COUNTIFS(J:J,$BK66,$BE:$BE,"OK") -> 0 | BN66: =+COUNTIFS(K:K,$BK66,$BE:$BE,"OK")+COUNTIFS(L:L,$BK66,$BE:$BE,"OK") -> 0 | BO66: =+COUNTIFS(M:M,$BK66,$BE:$BE,"OK") -> 0 | BP66: =+BQ66-BR66 -> 0 | BQ66: =+SUMIFS(BG:BG,$BE:$BE,"OK",BF:BF,$BK66)+SUMIFS(BH:BH,$BE:$BE,"OK",BI:BI,$BK66) -> 0 | BR66: =+SUMIFS(BH:BH,$BE:$BE,"OK",BF:BF,$BK66)+SUMIFS(BG:BG,$BE:$BE,"OK",BI:BI,$BK66) -> 0 | BS66: =+BM66*3+BN66*1+BP66/100+BQ66/10000 -> 0 | BT66: {=+IF(BL66=0,0,_xludf.XLOOKUP(BS66,BV66:BV69,BW66:BW69))} -> 0 | BV66: =+LARGE(BS66:BS69,1) -> 0 | BW66: =+BX66/$BW$1 -> 0.3 | BX66: 3 | BY66: =+IF(OR(BZ66="-",CC66="-"),"-","OK") -> #NAME? | BZ66: {=+IF(_xludf.XLOOKUP($E66,$AY:$AY,$AZ:$AZ,"-",0)=BZ64,$E66,"-")} -> #NAME? | CA66: =+$F66 -> 3 | CB66: =+$G66 -> 0 | CC66: {=+IF(_xludf.XLOOKUP($H66,$AY:$AY,$AZ:$AZ,"-",0)=BZ64,$H66,"-")} -> #NAME? | CE66: =+BK66 -> España | CF66: =+COUNTIFS($BY:$BY,"OK",$CC:$CC,CE66)+COUNTIFS($BY:$BY,"OK",$BZ:$BZ,CE66) -> 0 | CG66: =+COUNTIFS(P:P,$BK66,$BY:$BY,"OK") -> 0 | CH66: =+COUNTIFS(K:K,$BK66,$BY:$BY,"OK")+COUNTIFS(L:L,$BK66,$BY:$BY,"OK") -> 0 | CI66: =+COUNTIFS(M:M,$CE66,$BY:$BY,"OK") -> 0 | CJ66: =+CK66-CL66 -> 0 | CK66: =+SUMIFS(CA:CA,$BY:$BY,"OK",BZ:BZ,$BK66)+SUMIFS(CB:CB,$BY:$BY,"OK",CC:CC,$BK66) -> 0 | CL66: =+SUMIFS(CB:CB,$BY:$BY,"OK",BZ:BZ,$BK66)+SUMIFS(CA:CA,$BY:$BY,"OK",CC:CC,$BK66) -> 0 | CM66: =+CG66*3+CH66*1+CJ66/100+CK66/10000 -> 0 | CN66: {=+IF(CF66=0,0,_xludf.XLOOKUP(CM66,CP66:CP69,CQ66:CQ69))} -> 0 | CP66: =+LARGE(CM66:CM69,1) -> 0 | CQ66: =+CR66/$BW$1 -> 0.3 | CR66: 3
A67: GH2 | B67: 46188 | E67: Arabia Saudita | F67: 1 | G67: 2 | H67: Uruguay | J67: =IF(OR(ISBLANK(F67),ISBLANK(G67)),"",IF(F67>G67,E67,IF(G67>F67,H67,""))) -> Uruguay | K67: =IF(OR(ISBLANK(F67),ISBLANK(G67)),"",IF(F67=G67,E67,"")) | L67: =IF(OR(ISBLANK(F67),ISBLANK(G67)),"",IF(F67=G67,H67,"")) | M67: =IF(OR(ISBLANK(F67),ISBLANK(G67)),"",IF(F67<G67,E67,IF(G67<F67,H67,""))) -> Arabia Saudita | O67: =+H66 -> Cabo Verde | P67: =+COUNTIF(J66:J71,"="&$O67) -> 0 | Q67: =+COUNTIF(K66:L71,"="&$O67) -> 0 | R67: =+COUNTIF(M66:M71,"="&$O67) -> 3 | S67: =+T67-U67 -> -6 | T67: =+SUMIF(E66:E71,$O67,F66:F71)+SUMIF(H66:H71,$O67,G66:G71) -> 0 | U67: =+SUMIF(E66:E71,$O67,G66:G71)+SUMIF(H66:H71,$O67,F66:F71) -> 6 | V67: =+P67*3+Q67*1+BT67+CN67+S67/1000+T67/10000+AV67/1000000+ROW()/10000000 -> -0.0059933 | W67: =+O67 -> Cabo Verde | Y67: =+CONCATENATE("2",RIGHT(E65,1)) -> 2H | Z67: =+VLOOKUP(AL67,V66:W69,2,FALSE) -> Uruguay | AA67: =+SUM(AB67:AD67) -> 3 | AB67: =+VLOOKUP($Z67,$O$66:$U$69,COLUMN()-26,FALSE) -> 2 | AC67: =+VLOOKUP($Z67,$O$66:$U$69,COLUMN()-26,FALSE) -> 0 | AD67: =+VLOOKUP($Z67,$O$66:$U$69,COLUMN()-26,FALSE) -> 1 | AE67: =+VLOOKUP($Z67,$O$66:$U$69,COLUMN()-26,FALSE) -> 2 | AF67: =+VLOOKUP($Z67,$O$66:$U$69,COLUMN()-26,FALSE) -> 4 | AG67: =+VLOOKUP($Z67,$O$66:$U$69,COLUMN()-26,FALSE) -> 2 | AH67: =+VLOOKUP($Z67,$O$66:$V$69,COLUMN()-26,FALSE) -> 6.0024069 | AL67: =+LARGE(V66:V69,2) -> 6.0024069 | AM67: =+(AH67-AL67)*100000000000000000000 -> 0 | AP67: =+O67 -> Cabo Verde | AQ67: =+P67*3+Q67*1+BT67+CN67+S67/1000+T67/10000 -> -0.006 | AR67: =+IF(OR(AQ67=AQ68,AQ67=AQ69),1) -> FALSE | AS67: =+AV67 -> 0 | AT67: =+IF(AND(AM70="si",OR(AR66=1,AR67=1,AR68=1)),1,0) -> 0 | AU67: =+O67 -> Cabo Verde | AX67: =+Y65 -> Grupo H | AY67: =+O67 -> Cabo Verde | AZ67: =+P67*3+Q67 -> 0 | BA67: =+COUNTIFS($AX$1:AX67,AX67,$AZ$1:AZ67,AZ67) -> 1 | BB67: =+IF(AZ67=BF64,ROW()*0.001,AZ67) -> 0 | BC67: =+COUNTIFS($AX$1:AZ67,AZ67,$AZ$1:BB67,BB67) -> 7 | BE67: =+IF(OR(BF67="-",BI67="-",BF64=0),"-","OK") -> #NAME? | BF67: {=+IF(_xludf.XLOOKUP($E67,$AY:$AY,$AZ:$AZ,"-",0)=BF64,$E67,"-")} -> #NAME? | BG67: =+$F67 -> 1 | BH67: =+$G67 -> 2 | BI67: {=+IF(_xludf.XLOOKUP($H67,$AY:$AY,$AZ:$AZ,"-",0)=BF64,$H67,"-")} -> #NAME? | BK67: =+O67 -> Cabo Verde | BL67: =+COUNTIFS($BE:$BE,"OK",$BI:$BI,BK67)+COUNTIFS($BE:$BE,"OK",$BF:$BF,BK67) -> 0 | BM67: =+COUNTIFS(J:J,$BK67,$BE:$BE,"OK") -> 0 | BN67: =+COUNTIFS(K:K,$BK67,$BE:$BE,"OK")+COUNTIFS(L:L,$BK67,$BE:$BE,"OK") -> 0 | BO67: =+COUNTIFS(M:M,$BK67,$BE:$BE,"OK") -> 0 | BP67: =+BQ67-BR67 -> 0 | BQ67: =+SUMIFS(BG:BG,$BE:$BE,"OK",BF:BF,$BK67)+SUMIFS(BH:BH,$BE:$BE,"OK",BI:BI,$BK67) -> 0 | BR67: =+SUMIFS(BH:BH,$BE:$BE,"OK",BF:BF,$BK67)+SUMIFS(BG:BG,$BE:$BE,"OK",BI:BI,$BK67) -> 0 | BS67: =+BM67*3+BN67*1+BP67/100+BQ67/10000 -> 0 | BT67: {=+IF(BL67=0,0,_xludf.XLOOKUP(BS67,BV66:BV69,BW66:BW69))} -> 0 | BV67: =+LARGE(BS66:BS69,2) -> 0 | BW67: =+BX67/$BW$1 -> 0.2 | BX67: 2 | BY67: =+IF(OR(BZ67="-",CC67="-"),"-","OK") -> #NAME? | BZ67: {=+IF(_xludf.XLOOKUP($E67,$AY:$AY,$AZ:$AZ,"-",0)=BZ64,$E67,"-")} -> #NAME? | CA67: =+$F67 -> 1 | CB67: =+$G67 -> 2 | CC67: {=+IF(_xludf.XLOOKUP($H67,$AY:$AY,$AZ:$AZ,"-",0)=BZ64,$H67,"-")} -> #NAME? | CE67: =+BK67 -> Cabo Verde | CF67: =+COUNTIFS($BY:$BY,"OK",$CC:$CC,CE67)+COUNTIFS($BY:$BY,"OK",$BZ:$BZ,CE67) -> 0 | CG67: =+COUNTIFS(P:P,$BK67,$BY:$BY,"OK") -> 0 | CH67: =+COUNTIFS(K:K,$BK67,$BY:$BY,"OK")+COUNTIFS(L:L,$BK67,$BY:$BY,"OK") -> 0 | CI67: =+COUNTIFS(M:M,$CE67,$BY:$BY,"OK") -> 0 | CJ67: =+CK67-CL67 -> 0 | CK67: =+SUMIFS(CA:CA,$BY:$BY,"OK",BZ:BZ,$BK67)+SUMIFS(CB:CB,$BY:$BY,"OK",CC:CC,$BK67) -> 0 | CL67: =+SUMIFS(CB:CB,$BY:$BY,"OK",BZ:BZ,$BK67)+SUMIFS(CA:CA,$BY:$BY,"OK",CC:CC,$BK67) -> 0 | CM67: =+CG67*3+CH67*1+CJ67/100+CK67/10000 -> 0 | CN67: {=+IF(CF67=0,0,_xludf.XLOOKUP(CM67,CP66:CP69,CQ66:CQ69))} -> 0 | CP67: =+LARGE(CM66:CM69,2) -> 0 | CQ67: =+CR67/$BW$1 -> 0.2 | CR67: 2
A68: GH3 | B68: 46194 | E68: España | F68: 2 | G68: 0 | H68: Arabia Saudita | J68: =IF(OR(ISBLANK(F68),ISBLANK(G68)),"",IF(F68>G68,E68,IF(G68>F68,H68,""))) -> España | K68: =IF(OR(ISBLANK(F68),ISBLANK(G68)),"",IF(F68=G68,E68,"")) | L68: =IF(OR(ISBLANK(F68),ISBLANK(G68)),"",IF(F68=G68,H68,"")) | M68: =IF(OR(ISBLANK(F68),ISBLANK(G68)),"",IF(F68<G68,E68,IF(G68<F68,H68,""))) -> Arabia Saudita | O68: =+E67 -> Arabia Saudita | P68: =+COUNTIF(J66:J71,"="&$O68) -> 1 | Q68: =+COUNTIF(K66:L71,"="&$O68) -> 0 | R68: =+COUNTIF(M66:M71,"="&$O68) -> 2 | S68: =+T68-U68 -> -2 | T68: =+SUMIF(E66:E71,$O68,F66:F71)+SUMIF(H66:H71,$O68,G66:G71) -> 2 | U68: =+SUMIF(E66:E71,$O68,G66:G71)+SUMIF(H66:H71,$O68,F66:F71) -> 4 | V68: =+P68*3+Q68*1+BT68+CN68+S68/1000+T68/10000+AV68/1000000+ROW()/10000000 -> 2.9982068 | W68: =+O68 -> Arabia Saudita | Y68: =+CONCATENATE("3",RIGHT(E65,1)) -> 3H | Z68: =+VLOOKUP(AL68,V66:W69,2,FALSE) -> Arabia Saudita | AA68: =+SUM(AB68:AD68) -> 3 | AB68: =+VLOOKUP($Z68,$O$66:$U$69,COLUMN()-26,FALSE) -> 1 | AC68: =+VLOOKUP($Z68,$O$66:$U$69,COLUMN()-26,FALSE) -> 0 | AD68: =+VLOOKUP($Z68,$O$66:$U$69,COLUMN()-26,FALSE) -> 2 | AE68: =+VLOOKUP($Z68,$O$66:$U$69,COLUMN()-26,FALSE) -> -2 | AF68: =+VLOOKUP($Z68,$O$66:$U$69,COLUMN()-26,FALSE) -> 2 | AG68: =+VLOOKUP($Z68,$O$66:$U$69,COLUMN()-26,FALSE) -> 4 | AH68: =+VLOOKUP($Z68,$O$66:$V$69,COLUMN()-26,FALSE) -> 2.9982068 | AI68: =+(COUNTIFS($CV$2:$CV$13,Z68,$CX$2:$CX$13,"IN")+COUNTIFS($CV$2:$CV$13,Z68,$CW$2:$CW$13,"IN"))*IF(SUM(AA66:AA69)=12,1,0) -> 1 | AL68: =+LARGE(V66:V69,3) -> 2.9982068 | AM68: =+(AH68-AL68)*100000000000000000000 -> 0 | AP68: =+O68 -> Arabia Saudita | AQ68: =+P68*3+Q68*1+BT68+CN68+S68/1000+T68/10000 -> 2.9982 | AR68: =+IF(OR(AQ68=AQ69),1) -> FALSE | AS68: =+AV68 -> 0 | AT68: =+IF(AND(AM70="si",OR(AR66=1,AR67=1,AR68=1)),1,0) -> 0 | AU68: =+O68 -> Arabia Saudita | AX68: =+Y65 -> Grupo H | AY68: =+O68 -> Arabia Saudita | AZ68: =+P68*3+Q68 -> 3 | BA68: =+COUNTIFS($AX$1:AX68,AX68,$AZ$1:AZ68,AZ68) -> 1 | BB68: =+IF(AZ68=BF64,ROW()*0.001,AZ68) -> 3 | BC68: =+COUNTIFS($AX$1:AZ68,AZ68,$AZ$1:BB68,BB68) -> 5 | BE68: =+IF(OR(BF68="-",BI68="-",BF64=0),"-","OK") -> #NAME? | BF68: {=+IF(_xludf.XLOOKUP($E68,$AY:$AY,$AZ:$AZ,"-",0)=BF64,$E68,"-")} -> #NAME? | BG68: =+$F68 -> 2 | BH68: =+$G68 -> 0 | BI68: {=+IF(_xludf.XLOOKUP($H68,$AY:$AY,$AZ:$AZ,"-",0)=BF64,$H68,"-")} -> #NAME? | BK68: =+O68 -> Arabia Saudita | BL68: =+COUNTIFS($BE:$BE,"OK",$BI:$BI,BK68)+COUNTIFS($BE:$BE,"OK",$BF:$BF,BK68) -> 0 | BM68: =+COUNTIFS(J:J,$BK68,$BE:$BE,"OK") -> 0 | BN68: =+COUNTIFS(K:K,$BK68,$BE:$BE,"OK")+COUNTIFS(L:L,$BK68,$BE:$BE,"OK") -> 0 | BO68: =+COUNTIFS(M:M,$BK68,$BE:$BE,"OK") -> 0 | BP68: =+BQ68-BR68 -> 0 | BQ68: =+SUMIFS(BG:BG,$BE:$BE,"OK",BF:BF,$BK68)+SUMIFS(BH:BH,$BE:$BE,"OK",BI:BI,$BK68) -> 0 | BR68: =+SUMIFS(BH:BH,$BE:$BE,"OK",BF:BF,$BK68)+SUMIFS(BG:BG,$BE:$BE,"OK",BI:BI,$BK68) -> 0 | BS68: =+BM68*3+BN68*1+BP68/100+BQ68/10000 -> 0 | BT68: {=+IF(BL68=0,0,_xludf.XLOOKUP(BS68,BV66:BV69,BW66:BW69))} -> 0 | BV68: =+LARGE(BS66:BS69,3) -> 0 | BW68: =+BX68/$BW$1 -> 0.1 | BX68: 1 | BY68: =+IF(OR(BZ68="-",CC68="-"),"-","OK") -> #NAME? | BZ68: {=+IF(_xludf.XLOOKUP($E68,$AY:$AY,$AZ:$AZ,"-",0)=BZ64,$E68,"-")} -> #NAME? | CA68: =+$F68 -> 2 | CB68: =+$G68 -> 0 | CC68: {=+IF(_xludf.XLOOKUP($H68,$AY:$AY,$AZ:$AZ,"-",0)=BZ64,$H68,"-")} -> #NAME? | CE68: =+BK68 -> Arabia Saudita | CF68: =+COUNTIFS($BY:$BY,"OK",$CC:$CC,CE68)+COUNTIFS($BY:$BY,"OK",$BZ:$BZ,CE68) -> 0 | CG68: =+COUNTIFS(P:P,$BK68,$BY:$BY,"OK") -> 0 | CH68: =+COUNTIFS(K:K,$BK68,$BY:$BY,"OK")+COUNTIFS(L:L,$BK68,$BY:$BY,"OK") -> 0 | CI68: =+COUNTIFS(M:M,$CE68,$BY:$BY,"OK") -> 0 | CJ68: =+CK68-CL68 -> 0 | CK68: =+SUMIFS(CA:CA,$BY:$BY,"OK",BZ:BZ,$BK68)+SUMIFS(CB:CB,$BY:$BY,"OK",CC:CC,$BK68) -> 0 | CL68: =+SUMIFS(CB:CB,$BY:$BY,"OK",BZ:BZ,$BK68)+SUMIFS(CA:CA,$BY:$BY,"OK",CC:CC,$BK68) -> 0 | CM68: =+CG68*3+CH68*1+CJ68/100+CK68/10000 -> 0 | CN68: {=+IF(CF68=0,0,_xludf.XLOOKUP(CM68,CP66:CP69,CQ66:CQ69))} -> 0 | CP68: =+LARGE(CM66:CM69,3) -> 0 | CQ68: =+CR68/$BW$1 -> 0.1 | CR68: 1
A69: GH4 | B69: 46194 | E69: Uruguay | F69: 2 | G69: 0 | H69: Cabo Verde | J69: =IF(OR(ISBLANK(F69),ISBLANK(G69)),"",IF(F69>G69,E69,IF(G69>F69,H69,""))) -> Uruguay | K69: =IF(OR(ISBLANK(F69),ISBLANK(G69)),"",IF(F69=G69,E69,"")) | L69: =IF(OR(ISBLANK(F69),ISBLANK(G69)),"",IF(F69=G69,H69,"")) | M69: =IF(OR(ISBLANK(F69),ISBLANK(G69)),"",IF(F69<G69,E69,IF(G69<F69,H69,""))) -> Cabo Verde | O69: =+H67 -> Uruguay | P69: =+COUNTIF(J66:J71,"="&$O69) -> 2 | Q69: =+COUNTIF(K66:L71,"="&$O69) -> 0 | R69: =+COUNTIF(M66:M71,"="&$O69) -> 1 | S69: =+T69-U69 -> 2 | T69: =+SUMIF(E66:E71,$O69,F66:F71)+SUMIF(H66:H71,$O69,G66:G71) -> 4 | U69: =+SUMIF(E66:E71,$O69,G66:G71)+SUMIF(H66:H71,$O69,F66:F71) -> 2 | V69: =+P69*3+Q69*1+BT69+CN69+S69/1000+T69/10000+AV69/1000000+ROW()/10000000 -> 6.0024069 | W69: =+O69 -> Uruguay | Y69: =+CONCATENATE("4",RIGHT(E65,1)) -> 4H | Z69: =+VLOOKUP(AL69,V66:W69,2,FALSE) -> Cabo Verde | AA69: =+SUM(AB69:AD69) -> 3 | AB69: =+VLOOKUP($Z69,$O$66:$U$69,COLUMN()-26,FALSE) -> 0 | AC69: =+VLOOKUP($Z69,$O$66:$U$69,COLUMN()-26,FALSE) -> 0 | AD69: =+VLOOKUP($Z69,$O$66:$U$69,COLUMN()-26,FALSE) -> 3 | AE69: =+VLOOKUP($Z69,$O$66:$U$69,COLUMN()-26,FALSE) -> -6 | AF69: =+VLOOKUP($Z69,$O$66:$U$69,COLUMN()-26,FALSE) -> 0 | AG69: =+VLOOKUP($Z69,$O$66:$U$69,COLUMN()-26,FALSE) -> 6 | AH69: =+VLOOKUP($Z69,$O$66:$V$69,COLUMN()-26,FALSE) -> -0.0059933 | AL69: =+LARGE(V66:V69,4) -> -0.0059933 | AM69: =+(AH69-AL69)*100000000000000000000 -> 0 | AP69: =+O69 -> Uruguay | AQ69: =+P69*3+Q69*1+BT69+CN69+S69/1000+T69/10000 -> 6.0024 | AS69: =+AV69 -> 0 | AT69: =+IF(AND(AM70="si",OR(AR66=1,AR67=1,AR68=1)),1,0) -> 0 | AU69: =+O69 -> Uruguay | AX69: =+Y65 -> Grupo H | AY69: =+O69 -> Uruguay | AZ69: =+P69*3+Q69 -> 6 | BA69: =+COUNTIFS($AX$1:AX69,AX69,$AZ$1:AZ69,AZ69) -> 1 | BB69: =+IF(AZ69=BF64,ROW()*0.001,AZ69) -> 6 | BC69: =+COUNTIFS($AX$1:AZ69,AZ69,$AZ$1:BB69,BB69) -> 5 | BE69: =+IF(OR(BF69="-",BI69="-",BF64=0),"-","OK") -> #NAME? | BF69: {=+IF(_xludf.XLOOKUP($E69,$AY:$AY,$AZ:$AZ,"-",0)=BF64,$E69,"-")} -> #NAME? | BG69: =+$F69 -> 2 | BH69: =+$G69 -> 0 | BI69: {=+IF(_xludf.XLOOKUP($H69,$AY:$AY,$AZ:$AZ,"-",0)=BF64,$H69,"-")} -> #NAME? | BK69: =+O69 -> Uruguay | BL69: =+COUNTIFS($BE:$BE,"OK",$BI:$BI,BK69)+COUNTIFS($BE:$BE,"OK",$BF:$BF,BK69) -> 0 | BM69: =+COUNTIFS(J:J,$BK69,$BE:$BE,"OK") -> 0 | BN69: =+COUNTIFS(K:K,$BK69,$BE:$BE,"OK")+COUNTIFS(L:L,$BK69,$BE:$BE,"OK") -> 0 | BO69: =+COUNTIFS(M:M,$BK69,$BE:$BE,"OK") -> 0 | BP69: =+BQ69-BR69 -> 0 | BQ69: =+SUMIFS(BG:BG,$BE:$BE,"OK",BF:BF,$BK69)+SUMIFS(BH:BH,$BE:$BE,"OK",BI:BI,$BK69) -> 0 | BR69: =+SUMIFS(BH:BH,$BE:$BE,"OK",BF:BF,$BK69)+SUMIFS(BG:BG,$BE:$BE,"OK",BI:BI,$BK69) -> 0 | BS69: =+BM69*3+BN69*1+BP69/100+BQ69/10000 -> 0 | BT69: {=+IF(BL69=0,0,_xludf.XLOOKUP(BS69,BV66:BV69,BW66:BW69))} -> 0 | BV69: =+LARGE(BS66:BS69,4) -> 0 | BW69: =+BX69/$BW$1 -> 0 | BX69: 0 | BY69: =+IF(OR(BZ69="-",CC69="-"),"-","OK") -> #NAME? | BZ69: {=+IF(_xludf.XLOOKUP($E69,$AY:$AY,$AZ:$AZ,"-",0)=BZ64,$E69,"-")} -> #NAME? | CA69: =+$F69 -> 2 | CB69: =+$G69 -> 0 | CC69: {=+IF(_xludf.XLOOKUP($H69,$AY:$AY,$AZ:$AZ,"-",0)=BZ64,$H69,"-")} -> #NAME? | CE69: =+BK69 -> Uruguay | CF69: =+COUNTIFS($BY:$BY,"OK",$CC:$CC,CE69)+COUNTIFS($BY:$BY,"OK",$BZ:$BZ,CE69) -> 0 | CG69: =+COUNTIFS(P:P,$BK69,$BY:$BY,"OK") -> 0 | CH69: =+COUNTIFS(K:K,$BK69,$BY:$BY,"OK")+COUNTIFS(L:L,$BK69,$BY:$BY,"OK") -> 0 | CI69: =+COUNTIFS(M:M,$CE69,$BY:$BY,"OK") -> 0 | CJ69: =+CK69-CL69 -> 0 | CK69: =+SUMIFS(CA:CA,$BY:$BY,"OK",BZ:BZ,$BK69)+SUMIFS(CB:CB,$BY:$BY,"OK",CC:CC,$BK69) -> 0 | CL69: =+SUMIFS(CB:CB,$BY:$BY,"OK",BZ:BZ,$BK69)+SUMIFS(CA:CA,$BY:$BY,"OK",CC:CC,$BK69) -> 0 | CM69: =+CG69*3+CH69*1+CJ69/100+CK69/10000 -> 0 | CN69: {=+IF(CF69=0,0,_xludf.XLOOKUP(CM69,CP66:CP69,CQ66:CQ69))} -> 0 | CP69: =+LARGE(CM66:CM69,4) -> 0 | CQ69: =+CR69/$BW$1 -> 0 | CR69: 0
A70: GH5 | B70: 46199 | E70: Uruguay | F70: 0 | G70: 1 | H70: España | J70: =IF(OR(ISBLANK(F70),ISBLANK(G70)),"",IF(F70>G70,E70,IF(G70>F70,H70,""))) -> España | K70: =IF(OR(ISBLANK(F70),ISBLANK(G70)),"",IF(F70=G70,E70,"")) | L70: =IF(OR(ISBLANK(F70),ISBLANK(G70)),"",IF(F70=G70,H70,"")) | M70: =IF(OR(ISBLANK(F70),ISBLANK(G70)),"",IF(F70<G70,E70,IF(G70<F70,H70,""))) -> Uruguay | AL70: Completo? | AM70: =+IF(SUM(AA66:AA69)=12,"si","no") -> si | BE70: =+IF(OR(BF70="-",BI70="-",BF64=0),"-","OK") -> #NAME? | BF70: {=+IF(_xludf.XLOOKUP($E70,$AY:$AY,$AZ:$AZ,"-",0)=BF64,$E70,"-")} -> #NAME? | BG70: =+$F70 -> 0 | BH70: =+$G70 -> 1 | BI70: {=+IF(_xludf.XLOOKUP($H70,$AY:$AY,$AZ:$AZ,"-",0)=BF64,$H70,"-")} -> #NAME? | BY70: =+IF(OR(BZ70="-",CC70="-"),"-","OK") -> #NAME? | BZ70: {=+IF(_xludf.XLOOKUP($E70,$AY:$AY,$AZ:$AZ,"-",0)=BZ64,$E70,"-")} -> #NAME? | CA70: =+$F70 -> 0 | CB70: =+$G70 -> 1 | CC70: {=+IF(_xludf.XLOOKUP($H70,$AY:$AY,$AZ:$AZ,"-",0)=BZ64,$H70,"-")} -> #NAME?
A71: GH6 | B71: 46199 | E71: Cabo Verde | F71: 0 | G71: 1 | H71: Arabia Saudita | J71: =IF(OR(ISBLANK(F71),ISBLANK(G71)),"",IF(F71>G71,E71,IF(G71>F71,H71,""))) -> Arabia Saudita | K71: =IF(OR(ISBLANK(F71),ISBLANK(G71)),"",IF(F71=G71,E71,"")) | L71: =IF(OR(ISBLANK(F71),ISBLANK(G71)),"",IF(F71=G71,H71,"")) | M71: =IF(OR(ISBLANK(F71),ISBLANK(G71)),"",IF(F71<G71,E71,IF(G71<F71,H71,""))) -> Cabo Verde | Y71: Hay equipos empatados: completar tabla para definir sorteo (valores del 1 al 4, el 4 pasa de ronda) | AR71: =+IF(AND(AM70="si",OR(AR66=1,AR67=1,AR68=1)),1,0) -> 0 | BE71: =+IF(OR(BF71="-",BI71="-",BF64=0),"-","OK") -> #NAME? | BF71: {=+IF(_xludf.XLOOKUP($E71,$AY:$AY,$AZ:$AZ,"-",0)=BF64,$E71,"-")} -> #NAME? | BG71: =+$F71 -> 0 | BH71: =+$G71 -> 1 | BI71: {=+IF(_xludf.XLOOKUP($H71,$AY:$AY,$AZ:$AZ,"-",0)=BF64,$H71,"-")} -> #NAME? | BY71: =+IF(OR(BZ71="-",CC71="-"),"-","OK") -> #NAME? | BZ71: {=+IF(_xludf.XLOOKUP($E71,$AY:$AY,$AZ:$AZ,"-",0)=BZ64,$E71,"-")} -> #NAME? | CA71: =+$F71 -> 0 | CB71: =+$G71 -> 1 | CC71: {=+IF(_xludf.XLOOKUP($H71,$AY:$AY,$AZ:$AZ,"-",0)=BZ64,$H71,"-")} -> #NAME?
BF73: =+IF(BA75>1,AZ75,IF(BA76>1,AZ76,IF(BA77>1,AZ77,IF(BA78>1,AZ78,"-")))) -> - | BW73: 10 | BZ73: =+IF(BC75>1,BB75,IF(BC76>1,BB76,IF(BC77>1,BB77,IF(BC78>1,BB78,"-")))) -> 9 | CQ73: 10
A74: Partido | B74: Fecha | C74: Sede | E74: Grupo I | J74: G | K74: E | L74: E | M74: P | O74: =+E74 -> Grupo I | P74: G | Q74: E | R74: P | S74: Dif | T74: G+ | U74: G- | V74: Ptos | Y74: Grupo I | AA74: J | AB74: G | AC74: E | AD74: P | AE74: Dif | AF74: G+ | AG74: G- | AH74: Ptos | AL74: Ptos | AM74: check | AY74: Empate 1 | AZ74: Ptos | BA74: Empate? | BL74: J | BM74: G | BN74: E | BO74: P | BP74: Dif | BQ74: G+ | BR74: G- | BS74: Ptos | BT74: Extra | BV74: Orden | BW74: Extra | CF74: J | CG74: G | CH74: E | CI74: P | CJ74: Dif | CK74: G+ | CL74: G- | CM74: Ptos | CN74: Extra | CP74: Orden | CQ74: Extra
A75: GI1 | B75: 46189 | E75: Francia | F75: 2 | G75: 0 | H75: Senegal | J75: =IF(OR(ISBLANK(F75),ISBLANK(G75)),"",IF(F75>G75,E75,IF(G75>F75,H75,""))) -> Francia | K75: =IF(OR(ISBLANK(F75),ISBLANK(G75)),"",IF(F75=G75,E75,"")) | L75: =IF(OR(ISBLANK(F75),ISBLANK(G75)),"",IF(F75=G75,H75,"")) | M75: =IF(OR(ISBLANK(F75),ISBLANK(G75)),"",IF(F75<G75,E75,IF(G75<F75,H75,""))) -> Senegal | O75: =+E75 -> Francia | P75: =+COUNTIF(J75:J80,"="&$O75) -> 3 | Q75: =+COUNTIF(K75:L80,"="&$O75) -> 0 | R75: =+COUNTIF(M75:M80,"="&$O75) -> 0 | S75: =+T75-U75 -> 7 | T75: =+SUMIF(E75:E80,$O75,F75:F80)+SUMIF(H75:H80,$O75,G75:G80) -> 7 | U75: =+SUMIF(E75:E80,$O75,G75:G80)+SUMIF(H75:H80,$O75,F75:F80) -> 0 | V75: =+P75*3+Q75*1+BT75+CN75+S75/1000+T75/10000+AV75/1000000+ROW()/10000000 -> 9.0077075 | W75: =+O75 -> Francia | Y75: =+CONCATENATE("1",RIGHT(E74,1)) -> 1I | Z75: =+VLOOKUP(AL75,V75:W78,2,FALSE) -> Francia | AA75: =+SUM(AB75:AD75) -> 3 | AB75: =+_xlfn.XLOOKUP($Z75,$O:$O,P:P,"Error",0) -> 3 | AC75: =+_xlfn.XLOOKUP($Z75,$O:$O,Q:Q,"Error",0) -> 0 | AD75: =+_xlfn.XLOOKUP($Z75,$O:$O,R:R,"Error",0) -> 0 | AE75: =+_xlfn.XLOOKUP($Z75,$O:$O,S:S,"Error",0) -> 7 | AF75: =+_xlfn.XLOOKUP($Z75,$O:$O,T:T,"Error",0) -> 7 | AG75: =+_xlfn.XLOOKUP($Z75,$O:$O,U:U,"Error",0) -> 0 | AH75: =+_xlfn.XLOOKUP($Z75,$O:$O,V:V,"Error",0) -> 9.0077075 | AL75: =+LARGE(V75:V78,1) -> 9.0077075 | AM75: =+(AH75-AL75)*100000000000000000000 -> 0 | AP75: =+O75 -> Francia | AQ75: =+P75*3+Q75*1+BT75+CN75+S75/1000+T75/10000 -> 9.0077 | AR75: =+IF(OR(AQ75=AQ76,AQ75=AQ77,AQ75=AQ78),1) -> FALSE | AS75: =+AV75 -> 0 | AT75: =+IF(AND(AM79="si",OR(AR75=1,AR76=1,AR77=1)),1,0) -> 0 | AU75: =+O75 -> Francia | AX75: =+Y74 -> Grupo I | AY75: =+O75 -> Francia | AZ75: =+P75*3+Q75 -> 9 | BA75: =+COUNTIFS($AX$1:AX75,AX75,$AZ$1:AZ75,AZ75) -> 1 | BB75: =+IF(AZ75=BF73,ROW()*0.001,AZ75) -> 9 | BC75: =+COUNTIFS($AX$1:AZ75,AZ75,$AZ$1:BB75,BB75) -> 6 | BE75: =+IF(OR(BF75="-",BI75="-",BF73=0),"-","OK") -> #NAME? | BF75: {=+IF(_xludf.XLOOKUP($E75,$AY:$AY,$AZ:$AZ,"-",0)=BF73,$E75,"-")} -> #NAME? | BG75: =+$F75 -> 2 | BH75: =+$G75 -> 0 | BI75: {=+IF(_xludf.XLOOKUP($H75,$AY:$AY,$AZ:$AZ,"-",0)=BF73,$H75,"-")} -> #NAME? | BK75: =+O75 -> Francia | BL75: =+COUNTIFS($BE:$BE,"OK",$BI:$BI,BK75)+COUNTIFS($BE:$BE,"OK",$BF:$BF,BK75) -> 0 | BM75: =+COUNTIFS(J:J,$BK75,$BE:$BE,"OK") -> 0 | BN75: =+COUNTIFS(K:K,$BK75,$BE:$BE,"OK")+COUNTIFS(L:L,$BK75,$BE:$BE,"OK") -> 0 | BO75: =+COUNTIFS(M:M,$BK75,$BE:$BE,"OK") -> 0 | BP75: =+BQ75-BR75 -> 0 | BQ75: =+SUMIFS(BG:BG,$BE:$BE,"OK",BF:BF,$BK75)+SUMIFS(BH:BH,$BE:$BE,"OK",BI:BI,$BK75) -> 0 | BR75: =+SUMIFS(BH:BH,$BE:$BE,"OK",BF:BF,$BK75)+SUMIFS(BG:BG,$BE:$BE,"OK",BI:BI,$BK75) -> 0 | BS75: =+BM75*3+BN75*1+BP75/100+BQ75/10000 -> 0 | BT75: {=+IF(BL75=0,0,_xludf.XLOOKUP(BS75,BV75:BV78,BW75:BW78))} -> 0 | BV75: =+LARGE(BS75:BS78,1) -> 0 | BW75: =+BX75/$BW$1 -> 0.3 | BX75: 3 | BY75: =+IF(OR(BZ75="-",CC75="-"),"-","OK") -> #NAME? | BZ75: {=+IF(_xludf.XLOOKUP($E75,$AY:$AY,$AZ:$AZ,"-",0)=BZ73,$E75,"-")} -> #NAME? | CA75: =+$F75 -> 2 | CB75: =+$G75 -> 0 | CC75: {=+IF(_xludf.XLOOKUP($H75,$AY:$AY,$AZ:$AZ,"-",0)=BZ73,$H75,"-")} -> #NAME? | CE75: =+BK75 -> Francia | CF75: =+COUNTIFS($BY:$BY,"OK",$CC:$CC,CE75)+COUNTIFS($BY:$BY,"OK",$BZ:$BZ,CE75) -> 0 | CG75: =+COUNTIFS(P:P,$BK75,$BY:$BY,"OK") -> 0 | CH75: =+COUNTIFS(K:K,$BK75,$BY:$BY,"OK")+COUNTIFS(L:L,$BK75,$BY:$BY,"OK") -> 0 | CI75: =+COUNTIFS(M:M,$CE75,$BY:$BY,"OK") -> 0 | CJ75: =+CK75-CL75 -> 0 | CK75: =+SUMIFS(CA:CA,$BY:$BY,"OK",BZ:BZ,$BK75)+SUMIFS(CB:CB,$BY:$BY,"OK",CC:CC,$BK75) -> 0 | CL75: =+SUMIFS(CB:CB,$BY:$BY,"OK",BZ:BZ,$BK75)+SUMIFS(CA:CA,$BY:$BY,"OK",CC:CC,$BK75) -> 0 | CM75: =+CG75*3+CH75*1+CJ75/100+CK75/10000 -> 0 | CN75: {=+IF(CF75=0,0,_xludf.XLOOKUP(CM75,CP75:CP78,CQ75:CQ78))} -> 0 | CP75: =+LARGE(CM75:CM78,1) -> 0 | CQ75: =+CR75/$BW$1 -> 0.3 | CR75: 3
A76: GI2 | B76: 46189 | E76: Irak | F76: 0 | G76: 3 | H76: Noruega | J76: =IF(OR(ISBLANK(F76),ISBLANK(G76)),"",IF(F76>G76,E76,IF(G76>F76,H76,""))) -> Noruega | K76: =IF(OR(ISBLANK(F76),ISBLANK(G76)),"",IF(F76=G76,E76,"")) | L76: =IF(OR(ISBLANK(F76),ISBLANK(G76)),"",IF(F76=G76,H76,"")) | M76: =IF(OR(ISBLANK(F76),ISBLANK(G76)),"",IF(F76<G76,E76,IF(G76<F76,H76,""))) -> Irak | O76: =+H75 -> Senegal | P76: =+COUNTIF(J75:J80,"="&$O76) -> 1 | Q76: =+COUNTIF(K75:L80,"="&$O76) -> 0 | R76: =+COUNTIF(M75:M80,"="&$O76) -> 2 | S76: =+T76-U76 -> -1 | T76: =+SUMIF(E75:E80,$O76,F75:F80)+SUMIF(H75:H80,$O76,G75:G80) -> 3 | U76: =+SUMIF(E75:E80,$O76,G75:G80)+SUMIF(H75:H80,$O76,F75:F80) -> 4 | V76: =+P76*3+Q76*1+BT76+CN76+S76/1000+T76/10000+AV76/1000000+ROW()/10000000 -> 2.9993076 | W76: =+O76 -> Senegal | Y76: =+CONCATENATE("2",RIGHT(E74,1)) -> 2I | Z76: =+VLOOKUP(AL76,V75:W78,2,FALSE) -> Noruega | AA76: =+SUM(AB76:AD76) -> 3 | AB76: =+_xlfn.XLOOKUP($Z76,$O:$O,P:P,"Error",0) -> 2 | AC76: =+_xlfn.XLOOKUP($Z76,$O:$O,Q:Q,"Error",0) -> 0 | AD76: =+_xlfn.XLOOKUP($Z76,$O:$O,R:R,"Error",0) -> 1 | AE76: =+_xlfn.XLOOKUP($Z76,$O:$O,S:S,"Error",0) -> 3 | AF76: =+_xlfn.XLOOKUP($Z76,$O:$O,T:T,"Error",0) -> 5 | AG76: =+_xlfn.XLOOKUP($Z76,$O:$O,U:U,"Error",0) -> 2 | AH76: =+_xlfn.XLOOKUP($Z76,$O:$O,V:V,"Error",0) -> 6.0035078 | AL76: =+LARGE(V75:V78,2) -> 6.0035078 | AM76: =+(AH76-AL76)*100000000000000000000 -> 0 | AP76: =+O76 -> Senegal | AQ76: =+P76*3+Q76*1+BT76+CN76+S76/1000+T76/10000 -> 2.9993 | AR76: =+IF(OR(AQ76=AQ77,AQ76=AQ78),1) -> FALSE | AS76: =+AV76 -> 0 | AT76: =+IF(AND(AM79="si",OR(AR75=1,AR76=1,AR77=1)),1,0) -> 0 | AU76: =+O76 -> Senegal | AX76: =+Y74 -> Grupo I | AY76: =+O76 -> Senegal | AZ76: =+P76*3+Q76 -> 3 | BA76: =+COUNTIFS($AX$1:AX76,AX76,$AZ$1:AZ76,AZ76) -> 1 | BB76: =+IF(AZ76=BF73,ROW()*0.001,AZ76) -> 3 | BC76: =+COUNTIFS($AX$1:AZ76,AZ76,$AZ$1:BB76,BB76) -> 6 | BE76: =+IF(OR(BF76="-",BI76="-",BF73=0),"-","OK") -> #NAME? | BF76: {=+IF(_xludf.XLOOKUP($E76,$AY:$AY,$AZ:$AZ,"-",0)=BF73,$E76,"-")} -> #NAME? | BG76: =+$F76 -> 0 | BH76: =+$G76 -> 3 | BI76: {=+IF(_xludf.XLOOKUP($H76,$AY:$AY,$AZ:$AZ,"-",0)=BF73,$H76,"-")} -> #NAME? | BK76: =+O76 -> Senegal | BL76: =+COUNTIFS($BE:$BE,"OK",$BI:$BI,BK76)+COUNTIFS($BE:$BE,"OK",$BF:$BF,BK76) -> 0 | BM76: =+COUNTIFS(J:J,$BK76,$BE:$BE,"OK") -> 0 | BN76: =+COUNTIFS(K:K,$BK76,$BE:$BE,"OK")+COUNTIFS(L:L,$BK76,$BE:$BE,"OK") -> 0 | BO76: =+COUNTIFS(M:M,$BK76,$BE:$BE,"OK") -> 0 | BP76: =+BQ76-BR76 -> 0 | BQ76: =+SUMIFS(BG:BG,$BE:$BE,"OK",BF:BF,$BK76)+SUMIFS(BH:BH,$BE:$BE,"OK",BI:BI,$BK76) -> 0 | BR76: =+SUMIFS(BH:BH,$BE:$BE,"OK",BF:BF,$BK76)+SUMIFS(BG:BG,$BE:$BE,"OK",BI:BI,$BK76) -> 0 | BS76: =+BM76*3+BN76*1+BP76/100+BQ76/10000 -> 0 | BT76: {=+IF(BL76=0,0,_xludf.XLOOKUP(BS76,BV75:BV78,BW75:BW78))} -> 0 | BV76: =+LARGE(BS75:BS78,2) -> 0 | BW76: =+BX76/$BW$1 -> 0.2 | BX76: 2 | BY76: =+IF(OR(BZ76="-",CC76="-"),"-","OK") -> #NAME? | BZ76: {=+IF(_xludf.XLOOKUP($E76,$AY:$AY,$AZ:$AZ,"-",0)=BZ73,$E76,"-")} -> #NAME? | CA76: =+$F76 -> 0 | CB76: =+$G76 -> 3 | CC76: {=+IF(_xludf.XLOOKUP($H76,$AY:$AY,$AZ:$AZ,"-",0)=BZ73,$H76,"-")} -> #NAME? | CE76: =+BK76 -> Senegal | CF76: =+COUNTIFS($BY:$BY,"OK",$CC:$CC,CE76)+COUNTIFS($BY:$BY,"OK",$BZ:$BZ,CE76) -> 0 | CG76: =+COUNTIFS(P:P,$BK76,$BY:$BY,"OK") -> 0 | CH76: =+COUNTIFS(K:K,$BK76,$BY:$BY,"OK")+COUNTIFS(L:L,$BK76,$BY:$BY,"OK") -> 0 | CI76: =+COUNTIFS(M:M,$CE76,$BY:$BY,"OK") -> 0 | CJ76: =+CK76-CL76 -> 0 | CK76: =+SUMIFS(CA:CA,$BY:$BY,"OK",BZ:BZ,$BK76)+SUMIFS(CB:CB,$BY:$BY,"OK",CC:CC,$BK76) -> 0 | CL76: =+SUMIFS(CB:CB,$BY:$BY,"OK",BZ:BZ,$BK76)+SUMIFS(CA:CA,$BY:$BY,"OK",CC:CC,$BK76) -> 0 | CM76: =+CG76*3+CH76*1+CJ76/100+CK76/10000 -> 0 | CN76: {=+IF(CF76=0,0,_xludf.XLOOKUP(CM76,CP75:CP78,CQ75:CQ78))} -> 0 | CP76: =+LARGE(CM75:CM78,2) -> 0 | CQ76: =+CR76/$BW$1 -> 0.2 | CR76: 2
A77: GI3 | B77: 46195 | E77: Francia | F77: 4 | G77: 0 | H77: Irak | J77: =IF(OR(ISBLANK(F77),ISBLANK(G77)),"",IF(F77>G77,E77,IF(G77>F77,H77,""))) -> Francia | K77: =IF(OR(ISBLANK(F77),ISBLANK(G77)),"",IF(F77=G77,E77,"")) | L77: =IF(OR(ISBLANK(F77),ISBLANK(G77)),"",IF(F77=G77,H77,"")) | M77: =IF(OR(ISBLANK(F77),ISBLANK(G77)),"",IF(F77<G77,E77,IF(G77<F77,H77,""))) -> Irak | O77: =+E76 -> Irak | P77: =+COUNTIF(J75:J80,"="&$O77) -> 0 | Q77: =+COUNTIF(K75:L80,"="&$O77) -> 0 | R77: =+COUNTIF(M75:M80,"="&$O77) -> 3 | S77: =+T77-U77 -> -9 | T77: =+SUMIF(E75:E80,$O77,F75:F80)+SUMIF(H75:H80,$O77,G75:G80) -> 0 | U77: =+SUMIF(E75:E80,$O77,G75:G80)+SUMIF(H75:H80,$O77,F75:F80) -> 9 | V77: =+P77*3+Q77*1+BT77+CN77+S77/1000+T77/10000+AV77/1000000+ROW()/10000000 -> -0.0089923 | W77: =+O77 -> Irak | Y77: =+CONCATENATE("3",RIGHT(E74,1)) -> 3I | Z77: =+VLOOKUP(AL77,V75:W78,2,FALSE) -> Senegal | AA77: =+SUM(AB77:AD77) -> 3 | AB77: =+_xlfn.XLOOKUP($Z77,$O:$O,P:P,"Error",0) -> 1 | AC77: =+_xlfn.XLOOKUP($Z77,$O:$O,Q:Q,"Error",0) -> 0 | AD77: =+_xlfn.XLOOKUP($Z77,$O:$O,R:R,"Error",0) -> 2 | AE77: =+_xlfn.XLOOKUP($Z77,$O:$O,S:S,"Error",0) -> -1 | AF77: =+_xlfn.XLOOKUP($Z77,$O:$O,T:T,"Error",0) -> 3 | AG77: =+_xlfn.XLOOKUP($Z77,$O:$O,U:U,"Error",0) -> 4 | AH77: =+_xlfn.XLOOKUP($Z77,$O:$O,V:V,"Error",0) -> 2.9993076 | AI77: =+(COUNTIFS($CV$2:$CV$13,Z77,$CX$2:$CX$13,"IN")+COUNTIFS($CV$2:$CV$13,Z77,$CW$2:$CW$13,"IN"))*IF(SUM(AA75:AA78)=12,1,0) -> 1 | AL77: =+LARGE(V75:V78,3) -> 2.9993076 | AM77: =+(AH77-AL77)*100000000000000000000 -> 0 | AP77: =+O77 -> Irak | AQ77: =+P77*3+Q77*1+BT77+CN77+S77/1000+T77/10000 -> -0.009 | AR77: =+IF(OR(AQ77=AQ78),1) -> FALSE | AS77: =+AV77 -> 0 | AT77: =+IF(AND(AM79="si",OR(AR75=1,AR76=1,AR77=1)),1,0) -> 0 | AU77: =+O77 -> Irak | AX77: =+Y74 -> Grupo I | AY77: =+O77 -> Irak | AZ77: =+P77*3+Q77 -> 0 | BA77: =+COUNTIFS($AX$1:AX77,AX77,$AZ$1:AZ77,AZ77) -> 1 | BB77: =+IF(AZ77=BF73,ROW()*0.001,AZ77) -> 0 | BC77: =+COUNTIFS($AX$1:AZ77,AZ77,$AZ$1:BB77,BB77) -> 8 | BE77: =+IF(OR(BF77="-",BI77="-",BF73=0),"-","OK") -> #NAME? | BF77: {=+IF(_xludf.XLOOKUP($E77,$AY:$AY,$AZ:$AZ,"-",0)=BF73,$E77,"-")} -> #NAME? | BG77: =+$F77 -> 4 | BH77: =+$G77 -> 0 | BI77: {=+IF(_xludf.XLOOKUP($H77,$AY:$AY,$AZ:$AZ,"-",0)=BF73,$H77,"-")} -> #NAME? | BK77: =+O77 -> Irak | BL77: =+COUNTIFS($BE:$BE,"OK",$BI:$BI,BK77)+COUNTIFS($BE:$BE,"OK",$BF:$BF,BK77) -> 0 | BM77: =+COUNTIFS(J:J,$BK77,$BE:$BE,"OK") -> 0 | BN77: =+COUNTIFS(K:K,$BK77,$BE:$BE,"OK")+COUNTIFS(L:L,$BK77,$BE:$BE,"OK") -> 0 | BO77: =+COUNTIFS(M:M,$BK77,$BE:$BE,"OK") -> 0 | BP77: =+BQ77-BR77 -> 0 | BQ77: =+SUMIFS(BG:BG,$BE:$BE,"OK",BF:BF,$BK77)+SUMIFS(BH:BH,$BE:$BE,"OK",BI:BI,$BK77) -> 0 | BR77: =+SUMIFS(BH:BH,$BE:$BE,"OK",BF:BF,$BK77)+SUMIFS(BG:BG,$BE:$BE,"OK",BI:BI,$BK77) -> 0 | BS77: =+BM77*3+BN77*1+BP77/100+BQ77/10000 -> 0 | BT77: {=+IF(BL77=0,0,_xludf.XLOOKUP(BS77,BV75:BV78,BW75:BW78))} -> 0 | BV77: =+LARGE(BS75:BS78,3) -> 0 | BW77: =+BX77/$BW$1 -> 0.1 | BX77: 1 | BY77: =+IF(OR(BZ77="-",CC77="-"),"-","OK") -> #NAME? | BZ77: {=+IF(_xludf.XLOOKUP($E77,$AY:$AY,$AZ:$AZ,"-",0)=BZ73,$E77,"-")} -> #NAME? | CA77: =+$F77 -> 4 | CB77: =+$G77 -> 0 | CC77: {=+IF(_xludf.XLOOKUP($H77,$AY:$AY,$AZ:$AZ,"-",0)=BZ73,$H77,"-")} -> #NAME? | CE77: =+BK77 -> Irak | CF77: =+COUNTIFS($BY:$BY,"OK",$CC:$CC,CE77)+COUNTIFS($BY:$BY,"OK",$BZ:$BZ,CE77) -> 0 | CG77: =+COUNTIFS(P:P,$BK77,$BY:$BY,"OK") -> 0 | CH77: =+COUNTIFS(K:K,$BK77,$BY:$BY,"OK")+COUNTIFS(L:L,$BK77,$BY:$BY,"OK") -> 0 | CI77: =+COUNTIFS(M:M,$CE77,$BY:$BY,"OK") -> 0 | CJ77: =+CK77-CL77 -> 0 | CK77: =+SUMIFS(CA:CA,$BY:$BY,"OK",BZ:BZ,$BK77)+SUMIFS(CB:CB,$BY:$BY,"OK",CC:CC,$BK77) -> 0 | CL77: =+SUMIFS(CB:CB,$BY:$BY,"OK",BZ:BZ,$BK77)+SUMIFS(CA:CA,$BY:$BY,"OK",CC:CC,$BK77) -> 0 | CM77: =+CG77*3+CH77*1+CJ77/100+CK77/10000 -> 0 | CN77: {=+IF(CF77=0,0,_xludf.XLOOKUP(CM77,CP75:CP78,CQ75:CQ78))} -> 0 | CP77: =+LARGE(CM75:CM78,3) -> 0 | CQ77: =+CR77/$BW$1 -> 0.1 | CR77: 1
A78: GI4 | B78: 46195 | E78: Noruega | F78: 2 | G78: 1 | H78: Senegal | J78: =IF(OR(ISBLANK(F78),ISBLANK(G78)),"",IF(F78>G78,E78,IF(G78>F78,H78,""))) -> Noruega | K78: =IF(OR(ISBLANK(F78),ISBLANK(G78)),"",IF(F78=G78,E78,"")) | L78: =IF(OR(ISBLANK(F78),ISBLANK(G78)),"",IF(F78=G78,H78,"")) | M78: =IF(OR(ISBLANK(F78),ISBLANK(G78)),"",IF(F78<G78,E78,IF(G78<F78,H78,""))) -> Senegal | O78: =+H76 -> Noruega | P78: =+COUNTIF(J75:J80,"="&$O78) -> 2 | Q78: =+COUNTIF(K75:L80,"="&$O78) -> 0 | R78: =+COUNTIF(M75:M80,"="&$O78) -> 1 | S78: =+T78-U78 -> 3 | T78: =+SUMIF(E75:E80,$O78,F75:F80)+SUMIF(H75:H80,$O78,G75:G80) -> 5 | U78: =+SUMIF(E75:E80,$O78,G75:G80)+SUMIF(H75:H80,$O78,F75:F80) -> 2 | V78: =+P78*3+Q78*1+BT78+CN78+S78/1000+T78/10000+AV78/1000000+ROW()/10000000 -> 6.0035078 | W78: =+O78 -> Noruega | Y78: =+CONCATENATE("4",RIGHT(E74,1)) -> 4I | Z78: =+VLOOKUP(AL78,V75:W78,2,FALSE) -> Irak | AA78: =+SUM(AB78:AD78) -> 3 | AB78: =+_xlfn.XLOOKUP($Z78,$O:$O,P:P,"Error",0) -> 0 | AC78: =+_xlfn.XLOOKUP($Z78,$O:$O,Q:Q,"Error",0) -> 0 | AD78: =+_xlfn.XLOOKUP($Z78,$O:$O,R:R,"Error",0) -> 3 | AE78: =+_xlfn.XLOOKUP($Z78,$O:$O,S:S,"Error",0) -> -9 | AF78: =+_xlfn.XLOOKUP($Z78,$O:$O,T:T,"Error",0) -> 0 | AG78: =+_xlfn.XLOOKUP($Z78,$O:$O,U:U,"Error",0) -> 9 | AH78: =+_xlfn.XLOOKUP($Z78,$O:$O,V:V,"Error",0) -> -0.0089923 | AL78: =+LARGE(V75:V78,4) -> -0.0089923 | AM78: =+(AH78-AL78)*100000000000000000000 -> 0 | AP78: =+O78 -> Noruega | AQ78: =+P78*3+Q78*1+BT78+CN78+S78/1000+T78/10000 -> 6.0035 | AS78: =+AV78 -> 0 | AT78: =+IF(AND(AM79="si",OR(AR75=1,AR76=1,AR77=1)),1,0) -> 0 | AU78: =+O78 -> Noruega | AX78: =+Y74 -> Grupo I | AY78: =+O78 -> Noruega | AZ78: =+P78*3+Q78 -> 6 | BA78: =+COUNTIFS($AX$1:AX78,AX78,$AZ$1:AZ78,AZ78) -> 1 | BB78: =+IF(AZ78=BF73,ROW()*0.001,AZ78) -> 6 | BC78: =+COUNTIFS($AX$1:AZ78,AZ78,$AZ$1:BB78,BB78) -> 6 | BE78: =+IF(OR(BF78="-",BI78="-",BF73=0),"-","OK") -> #NAME? | BF78: {=+IF(_xludf.XLOOKUP($E78,$AY:$AY,$AZ:$AZ,"-",0)=BF73,$E78,"-")} -> #NAME? | BG78: =+$F78 -> 2 | BH78: =+$G78 -> 1 | BI78: {=+IF(_xludf.XLOOKUP($H78,$AY:$AY,$AZ:$AZ,"-",0)=BF73,$H78,"-")} -> #NAME? | BK78: =+O78 -> Noruega | BL78: =+COUNTIFS($BE:$BE,"OK",$BI:$BI,BK78)+COUNTIFS($BE:$BE,"OK",$BF:$BF,BK78) -> 0 | BM78: =+COUNTIFS(J:J,$BK78,$BE:$BE,"OK") -> 0 | BN78: =+COUNTIFS(K:K,$BK78,$BE:$BE,"OK")+COUNTIFS(L:L,$BK78,$BE:$BE,"OK") -> 0 | BO78: =+COUNTIFS(M:M,$BK78,$BE:$BE,"OK") -> 0 | BP78: =+BQ78-BR78 -> 0 | BQ78: =+SUMIFS(BG:BG,$BE:$BE,"OK",BF:BF,$BK78)+SUMIFS(BH:BH,$BE:$BE,"OK",BI:BI,$BK78) -> 0 | BR78: =+SUMIFS(BH:BH,$BE:$BE,"OK",BF:BF,$BK78)+SUMIFS(BG:BG,$BE:$BE,"OK",BI:BI,$BK78) -> 0 | BS78: =+BM78*3+BN78*1+BP78/100+BQ78/10000 -> 0 | BT78: {=+IF(BL78=0,0,_xludf.XLOOKUP(BS78,BV75:BV78,BW75:BW78))} -> 0 | BV78: =+LARGE(BS75:BS78,4) -> 0 | BW78: =+BX78/$BW$1 -> 0 | BX78: 0 | BY78: =+IF(OR(BZ78="-",CC78="-"),"-","OK") -> #NAME? | BZ78: {=+IF(_xludf.XLOOKUP($E78,$AY:$AY,$AZ:$AZ,"-",0)=BZ73,$E78,"-")} -> #NAME? | CA78: =+$F78 -> 2 | CB78: =+$G78 -> 1 | CC78: {=+IF(_xludf.XLOOKUP($H78,$AY:$AY,$AZ:$AZ,"-",0)=BZ73,$H78,"-")} -> #NAME? | CE78: =+BK78 -> Noruega | CF78: =+COUNTIFS($BY:$BY,"OK",$CC:$CC,CE78)+COUNTIFS($BY:$BY,"OK",$BZ:$BZ,CE78) -> 0 | CG78: =+COUNTIFS(P:P,$BK78,$BY:$BY,"OK") -> 0 | CH78: =+COUNTIFS(K:K,$BK78,$BY:$BY,"OK")+COUNTIFS(L:L,$BK78,$BY:$BY,"OK") -> 0 | CI78: =+COUNTIFS(M:M,$CE78,$BY:$BY,"OK") -> 0 | CJ78: =+CK78-CL78 -> 0 | CK78: =+SUMIFS(CA:CA,$BY:$BY,"OK",BZ:BZ,$BK78)+SUMIFS(CB:CB,$BY:$BY,"OK",CC:CC,$BK78) -> 0 | CL78: =+SUMIFS(CB:CB,$BY:$BY,"OK",BZ:BZ,$BK78)+SUMIFS(CA:CA,$BY:$BY,"OK",CC:CC,$BK78) -> 0 | CM78: =+CG78*3+CH78*1+CJ78/100+CK78/10000 -> 0 | CN78: {=+IF(CF78=0,0,_xludf.XLOOKUP(CM78,CP75:CP78,CQ75:CQ78))} -> 0 | CP78: =+LARGE(CM75:CM78,4) -> 0 | CQ78: =+CR78/$BW$1 -> 0 | CR78: 0
A79: GI5 | B79: 46199 | E79: Noruega | F79: 0 | G79: 1 | H79: Francia | J79: =IF(OR(ISBLANK(F79),ISBLANK(G79)),"",IF(F79>G79,E79,IF(G79>F79,H79,""))) -> Francia | K79: =IF(OR(ISBLANK(F79),ISBLANK(G79)),"",IF(F79=G79,E79,"")) | L79: =IF(OR(ISBLANK(F79),ISBLANK(G79)),"",IF(F79=G79,H79,"")) | M79: =IF(OR(ISBLANK(F79),ISBLANK(G79)),"",IF(F79<G79,E79,IF(G79<F79,H79,""))) -> Noruega | AL79: Completo? | AM79: =+IF(SUM(AA75:AA78)=12,"si","no") -> si | BE79: =+IF(OR(BF79="-",BI79="-",BF73=0),"-","OK") -> #NAME? | BF79: {=+IF(_xludf.XLOOKUP($E79,$AY:$AY,$AZ:$AZ,"-",0)=BF73,$E79,"-")} -> #NAME? | BG79: =+$F79 -> 0 | BH79: =+$G79 -> 1 | BI79: {=+IF(_xludf.XLOOKUP($H79,$AY:$AY,$AZ:$AZ,"-",0)=BF73,$H79,"-")} -> #NAME? | BY79: =+IF(OR(BZ79="-",CC79="-"),"-","OK") -> #NAME? | BZ79: {=+IF(_xludf.XLOOKUP($E79,$AY:$AY,$AZ:$AZ,"-",0)=BZ73,$E79,"-")} -> #NAME? | CA79: =+$F79 -> 0 | CB79: =+$G79 -> 1 | CC79: {=+IF(_xludf.XLOOKUP($H79,$AY:$AY,$AZ:$AZ,"-",0)=BZ73,$H79,"-")} -> #NAME?
A80: GI6 | B80: 46199 | E80: Senegal | F80: 2 | G80: 0 | H80: Irak | J80: =IF(OR(ISBLANK(F80),ISBLANK(G80)),"",IF(F80>G80,E80,IF(G80>F80,H80,""))) -> Senegal | K80: =IF(OR(ISBLANK(F80),ISBLANK(G80)),"",IF(F80=G80,E80,"")) | L80: =IF(OR(ISBLANK(F80),ISBLANK(G80)),"",IF(F80=G80,H80,"")) | M80: =IF(OR(ISBLANK(F80),ISBLANK(G80)),"",IF(F80<G80,E80,IF(G80<F80,H80,""))) -> Irak | Y80: Hay equipos empatados: completar tabla para definir sorteo (valores del 1 al 4, el 4 pasa de ronda) | AR80: =+IF(AND(AM79="si",OR(AR75=1,AR76=1,AR77=1)),1,0) -> 0 | BE80: =+IF(OR(BF80="-",BI80="-",BF73=0),"-","OK") -> #NAME? | BF80: {=+IF(_xludf.XLOOKUP($E80,$AY:$AY,$AZ:$AZ,"-",0)=BF73,$E80,"-")} -> #NAME? | BG80: =+$F80 -> 2 | BH80: =+$G80 -> 0 | BI80: {=+IF(_xludf.XLOOKUP($H80,$AY:$AY,$AZ:$AZ,"-",0)=BF73,$H80,"-")} -> #NAME? | BY80: =+IF(OR(BZ80="-",CC80="-"),"-","OK") -> #NAME? | BZ80: {=+IF(_xludf.XLOOKUP($E80,$AY:$AY,$AZ:$AZ,"-",0)=BZ73,$E80,"-")} -> #NAME? | CA80: =+$F80 -> 2 | CB80: =+$G80 -> 0 | CC80: {=+IF(_xludf.XLOOKUP($H80,$AY:$AY,$AZ:$AZ,"-",0)=BZ73,$H80,"-")} -> #NAME?
BF82: =+IF(BA84>1,AZ84,IF(BA85>1,AZ85,IF(BA86>1,AZ86,IF(BA87>1,AZ87,"-")))) -> - | BW82: 10 | BZ82: =+IF(BC84>1,BB84,IF(BC85>1,BB85,IF(BC86>1,BB86,IF(BC87>1,BB87,"-")))) -> 9 | CQ82: 10
A83: Partido | B83: Fecha | C83: Sede | E83: Grupo J | J83: G | K83: E | L83: E | M83: P | O83: =+E83 -> Grupo J | P83: G | Q83: E | R83: P | S83: Dif | T83: G+ | U83: G- | V83: Ptos | Y83: Grupo J | AA83: J | AB83: G | AC83: E | AD83: P | AE83: Dif | AF83: G+ | AG83: G- | AH83: Ptos | AL83: Ptos | AM83: check | AY83: Empate 1 | AZ83: Ptos | BA83: Empate? | BL83: J | BM83: G | BN83: E | BO83: P | BP83: Dif | BQ83: G+ | BR83: G- | BS83: Ptos | BT83: Extra | BV83: Orden | BW83: Extra | CF83: J | CG83: G | CH83: E | CI83: P | CJ83: Dif | CK83: G+ | CL83: G- | CM83: Ptos | CN83: Extra | CP83: Orden | CQ83: Extra
A84: GJ1 | B84: 46189 | E84: Argentina | F84: 3 | G84: 0 | H84: Argelia | J84: =IF(OR(ISBLANK(F84),ISBLANK(G84)),"",IF(F84>G84,E84,IF(G84>F84,H84,""))) -> Argentina | K84: =IF(OR(ISBLANK(F84),ISBLANK(G84)),"",IF(F84=G84,E84,"")) | L84: =IF(OR(ISBLANK(F84),ISBLANK(G84)),"",IF(F84=G84,H84,"")) | M84: =IF(OR(ISBLANK(F84),ISBLANK(G84)),"",IF(F84<G84,E84,IF(G84<F84,H84,""))) -> Argelia | O84: =+E84 -> Argentina | P84: =+COUNTIF(J84:J89,"="&$O84) -> 3 | Q84: =+COUNTIF(K84:L89,"="&$O84) -> 0 | R84: =+COUNTIF(M84:M89,"="&$O84) -> 0 | S84: =+T84-U84 -> 6 | T84: =+SUMIF(E84:E89,$O84,F84:F89)+SUMIF(H84:H89,$O84,G84:G89) -> 7 | U84: =+SUMIF(E84:E89,$O84,G84:G89)+SUMIF(H84:H89,$O84,F84:F89) -> 1 | V84: =+P84*3+Q84*1+BT84+CN84+S84/1000+T84/10000+AV84/1000000+ROW()/10000000 -> 9.0067124 | W84: =+O84 -> Argentina | Y84: =+CONCATENATE("1",RIGHT(E83,1)) -> 1J | Z84: =+VLOOKUP(AL84,V84:W87,2,FALSE) -> Argentina | AA84: =+SUM(AB84:AD84) -> 3 | AB84: =+_xlfn.XLOOKUP($Z84,$O:$O,P:P,"Error",0) -> 3 | AC84: =+_xlfn.XLOOKUP($Z84,$O:$O,Q:Q,"Error",0) -> 0 | AD84: =+_xlfn.XLOOKUP($Z84,$O:$O,R:R,"Error",0) -> 0 | AE84: =+_xlfn.XLOOKUP($Z84,$O:$O,S:S,"Error",0) -> 6 | AF84: =+_xlfn.XLOOKUP($Z84,$O:$O,T:T,"Error",0) -> 7 | AG84: =+_xlfn.XLOOKUP($Z84,$O:$O,U:U,"Error",0) -> 1 | AH84: =+_xlfn.XLOOKUP($Z84,$O:$O,V:V,"Error",0) -> 9.0067124 | AL84: =+LARGE(V84:V87,1) -> 9.0067124 | AM84: =+(AH84-AL84)*100000000000000000000 -> 0 | AP84: =+O84 -> Argentina | AQ84: =+P84*3+Q84*1+BT84+CN84+S84/1000+T84/10000 -> 9.0067 | AR84: =+IF(OR(AQ84=AQ85,AQ84=AQ86,AQ84=AQ87),1) -> FALSE | AS84: =+AV84 -> 4 | AT84: =+IF(AND(AM88="si",OR(AR84=1,AR85=1,AR86=1)),1,0) -> 0 | AU84: =+O84 -> Argentina | AV84: 4 | AX84: =+Y83 -> Grupo J | AY84: =+O84 -> Argentina | AZ84: =+P84*3+Q84 -> 9 | BA84: =+COUNTIFS($AX$1:AX84,AX84,$AZ$1:AZ84,AZ84) -> 1 | BB84: =+IF(AZ84=BF82,ROW()*0.001,AZ84) -> 9 | BC84: =+COUNTIFS($AX$1:AZ84,AZ84,$AZ$1:BB84,BB84) -> 7 | BE84: =+IF(OR(BF84="-",BI84="-",BF82=0),"-","OK") -> #NAME? | BF84: {=+IF(_xludf.XLOOKUP($E84,$AY:$AY,$AZ:$AZ,"-",0)=BF82,$E84,"-")} -> #NAME? | BG84: =+$F84 -> 3 | BH84: =+$G84 -> 0 | BI84: {=+IF(_xludf.XLOOKUP($H84,$AY:$AY,$AZ:$AZ,"-",0)=BF82,$H84,"-")} -> #NAME? | BK84: =+O84 -> Argentina | BL84: =+COUNTIFS($BE:$BE,"OK",$BI:$BI,BK84)+COUNTIFS($BE:$BE,"OK",$BF:$BF,BK84) -> 0 | BM84: =+COUNTIFS(J:J,$BK84,$BE:$BE,"OK") -> 0 | BN84: =+COUNTIFS(K:K,$BK84,$BE:$BE,"OK")+COUNTIFS(L:L,$BK84,$BE:$BE,"OK") -> 0 | BO84: =+COUNTIFS(M:M,$BK84,$BE:$BE,"OK") -> 0 | BP84: =+BQ84-BR84 -> 0 | BQ84: =+SUMIFS(BG:BG,$BE:$BE,"OK",BF:BF,$BK84)+SUMIFS(BH:BH,$BE:$BE,"OK",BI:BI,$BK84) -> 0 | BR84: =+SUMIFS(BH:BH,$BE:$BE,"OK",BF:BF,$BK84)+SUMIFS(BG:BG,$BE:$BE,"OK",BI:BI,$BK84) -> 0 | BS84: =+BM84*3+BN84*1+BP84/100+BQ84/10000 -> 0 | BT84: {=+IF(BL84=0,0,_xludf.XLOOKUP(BS84,BV84:BV87,BW84:BW87))} -> 0 | BV84: =+LARGE(BS84:BS87,1) -> 0 | BW84: =+BX84/$BW$1 -> 0.3 | BX84: 3 | BY84: =+IF(OR(BZ84="-",CC84="-"),"-","OK") -> #NAME? | BZ84: {=+IF(_xludf.XLOOKUP($E84,$AY:$AY,$AZ:$AZ,"-",0)=BZ82,$E84,"-")} -> #NAME? | CA84: =+$F84 -> 3 | CB84: =+$G84 -> 0 | CC84: {=+IF(_xludf.XLOOKUP($H84,$AY:$AY,$AZ:$AZ,"-",0)=BZ82,$H84,"-")} -> #NAME? | CE84: =+BK84 -> Argentina | CF84: =+COUNTIFS($BY:$BY,"OK",$CC:$CC,CE84)+COUNTIFS($BY:$BY,"OK",$BZ:$BZ,CE84) -> 0 | CG84: =+COUNTIFS(P:P,$BK84,$BY:$BY,"OK") -> 0 | CH84: =+COUNTIFS(K:K,$BK84,$BY:$BY,"OK")+COUNTIFS(L:L,$BK84,$BY:$BY,"OK") -> 0 | CI84: =+COUNTIFS(M:M,$CE84,$BY:$BY,"OK") -> 0 | CJ84: =+CK84-CL84 -> 0 | CK84: =+SUMIFS(CA:CA,$BY:$BY,"OK",BZ:BZ,$BK84)+SUMIFS(CB:CB,$BY:$BY,"OK",CC:CC,$BK84) -> 0 | CL84: =+SUMIFS(CB:CB,$BY:$BY,"OK",BZ:BZ,$BK84)+SUMIFS(CA:CA,$BY:$BY,"OK",CC:CC,$BK84) -> 0 | CM84: =+CG84*3+CH84*1+CJ84/100+CK84/10000 -> 0 | CN84: {=+IF(CF84=0,0,_xludf.XLOOKUP(CM84,CP84:CP87,CQ84:CQ87))} -> 0 | CP84: =+LARGE(CM84:CM87,1) -> 0 | CQ84: =+CR84/$BW$1 -> 0.3 | CR84: 3
A85: GJ2 | B85: 46190 | E85: Austria | F85: 2 | G85: 0 | H85: Jordania | J85: =IF(OR(ISBLANK(F85),ISBLANK(G85)),"",IF(F85>G85,E85,IF(G85>F85,H85,""))) -> Austria | K85: =IF(OR(ISBLANK(F85),ISBLANK(G85)),"",IF(F85=G85,E85,"")) | L85: =IF(OR(ISBLANK(F85),ISBLANK(G85)),"",IF(F85=G85,H85,"")) | M85: =IF(OR(ISBLANK(F85),ISBLANK(G85)),"",IF(F85<G85,E85,IF(G85<F85,H85,""))) -> Jordania | O85: =+H84 -> Argelia | P85: =+COUNTIF(J84:J89,"="&$O85) -> 1 | Q85: =+COUNTIF(K84:L89,"="&$O85) -> 0 | R85: =+COUNTIF(M84:M89,"="&$O85) -> 2 | S85: =+T85-U85 -> -3 | T85: =+SUMIF(E84:E89,$O85,F84:F89)+SUMIF(H84:H89,$O85,G84:G89) -> 1 | U85: =+SUMIF(E84:E89,$O85,G84:G89)+SUMIF(H84:H89,$O85,F84:F89) -> 4 | V85: =+P85*3+Q85*1+BT85+CN85+S85/1000+T85/10000+AV85/1000000+ROW()/10000000 -> 2.9971115 | W85: =+O85 -> Argelia | Y85: =+CONCATENATE("2",RIGHT(E83,1)) -> 2J | Z85: =+VLOOKUP(AL85,V84:W87,2,FALSE) -> Austria | AA85: =+SUM(AB85:AD85) -> 3 | AB85: =+_xlfn.XLOOKUP($Z85,$O:$O,P:P,"Error",0) -> 2 | AC85: =+_xlfn.XLOOKUP($Z85,$O:$O,Q:Q,"Error",0) -> 0 | AD85: =+_xlfn.XLOOKUP($Z85,$O:$O,R:R,"Error",0) -> 1 | AE85: =+_xlfn.XLOOKUP($Z85,$O:$O,S:S,"Error",0) -> 2 | AF85: =+_xlfn.XLOOKUP($Z85,$O:$O,T:T,"Error",0) -> 4 | AG85: =+_xlfn.XLOOKUP($Z85,$O:$O,U:U,"Error",0) -> 2 | AH85: =+_xlfn.XLOOKUP($Z85,$O:$O,V:V,"Error",0) -> 6.0024106 | AL85: =+LARGE(V84:V87,2) -> 6.0024106 | AM85: =+(AH85-AL85)*100000000000000000000 -> 0 | AP85: =+O85 -> Argelia | AQ85: =+P85*3+Q85*1+BT85+CN85+S85/1000+T85/10000 -> 2.9971 | AR85: =+IF(OR(AQ85=AQ86,AQ85=AQ87),1) -> FALSE | AS85: =+AV85 -> 3 | AT85: =+IF(AND(AM88="si",OR(AR84=1,AR85=1,AR86=1)),1,0) -> 0 | AU85: =+O85 -> Argelia | AV85: 3 | AX85: =+Y83 -> Grupo J | AY85: =+O85 -> Argelia | AZ85: =+P85*3+Q85 -> 3 | BA85: =+COUNTIFS($AX$1:AX85,AX85,$AZ$1:AZ85,AZ85) -> 1 | BB85: =+IF(AZ85=BF82,ROW()*0.001,AZ85) -> 3 | BC85: =+COUNTIFS($AX$1:AZ85,AZ85,$AZ$1:BB85,BB85) -> 7 | BE85: =+IF(OR(BF85="-",BI85="-",BF82=0),"-","OK") -> #NAME? | BF85: {=+IF(_xludf.XLOOKUP($E85,$AY:$AY,$AZ:$AZ,"-",0)=BF82,$E85,"-")} -> #NAME? | BG85: =+$F85 -> 2 | BH85: =+$G85 -> 0 | BI85: {=+IF(_xludf.XLOOKUP($H85,$AY:$AY,$AZ:$AZ,"-",0)=BF82,$H85,"-")} -> #NAME? | BK85: =+O85 -> Argelia | BL85: =+COUNTIFS($BE:$BE,"OK",$BI:$BI,BK85)+COUNTIFS($BE:$BE,"OK",$BF:$BF,BK85) -> 0 | BM85: =+COUNTIFS(J:J,$BK85,$BE:$BE,"OK") -> 0 | BN85: =+COUNTIFS(K:K,$BK85,$BE:$BE,"OK")+COUNTIFS(L:L,$BK85,$BE:$BE,"OK") -> 0 | BO85: =+COUNTIFS(M:M,$BK85,$BE:$BE,"OK") -> 0 | BP85: =+BQ85-BR85 -> 0 | BQ85: =+SUMIFS(BG:BG,$BE:$BE,"OK",BF:BF,$BK85)+SUMIFS(BH:BH,$BE:$BE,"OK",BI:BI,$BK85) -> 0 | BR85: =+SUMIFS(BH:BH,$BE:$BE,"OK",BF:BF,$BK85)+SUMIFS(BG:BG,$BE:$BE,"OK",BI:BI,$BK85) -> 0 | BS85: =+BM85*3+BN85*1+BP85/100+BQ85/10000 -> 0 | BT85: {=+IF(BL85=0,0,_xludf.XLOOKUP(BS85,BV84:BV87,BW84:BW87))} -> 0 | BV85: =+LARGE(BS84:BS87,2) -> 0 | BW85: =+BX85/$BW$1 -> 0.2 | BX85: 2 | BY85: =+IF(OR(BZ85="-",CC85="-"),"-","OK") -> #NAME? | BZ85: {=+IF(_xludf.XLOOKUP($E85,$AY:$AY,$AZ:$AZ,"-",0)=BZ82,$E85,"-")} -> #NAME? | CA85: =+$F85 -> 2 | CB85: =+$G85 -> 0 | CC85: {=+IF(_xludf.XLOOKUP($H85,$AY:$AY,$AZ:$AZ,"-",0)=BZ82,$H85,"-")} -> #NAME? | CE85: =+BK85 -> Argelia | CF85: =+COUNTIFS($BY:$BY,"OK",$CC:$CC,CE85)+COUNTIFS($BY:$BY,"OK",$BZ:$BZ,CE85) -> 0 | CG85: =+COUNTIFS(P:P,$BK85,$BY:$BY,"OK") -> 0 | CH85: =+COUNTIFS(K:K,$BK85,$BY:$BY,"OK")+COUNTIFS(L:L,$BK85,$BY:$BY,"OK") -> 0 | CI85: =+COUNTIFS(M:M,$CE85,$BY:$BY,"OK") -> 0 | CJ85: =+CK85-CL85 -> 0 | CK85: =+SUMIFS(CA:CA,$BY:$BY,"OK",BZ:BZ,$BK85)+SUMIFS(CB:CB,$BY:$BY,"OK",CC:CC,$BK85) -> 0 | CL85: =+SUMIFS(CB:CB,$BY:$BY,"OK",BZ:BZ,$BK85)+SUMIFS(CA:CA,$BY:$BY,"OK",CC:CC,$BK85) -> 0 | CM85: =+CG85*3+CH85*1+CJ85/100+CK85/10000 -> 0 | CN85: {=+IF(CF85=0,0,_xludf.XLOOKUP(CM85,CP84:CP87,CQ84:CQ87))} -> 0 | CP85: =+LARGE(CM84:CM87,2) -> 0 | CQ85: =+CR85/$BW$1 -> 0.2 | CR85: 2
A86: GJ3 | B86: 46195 | E86: Argentina | F86: 2 | G86: 1 | H86: Austria | J86: =IF(OR(ISBLANK(F86),ISBLANK(G86)),"",IF(F86>G86,E86,IF(G86>F86,H86,""))) -> Argentina | K86: =IF(OR(ISBLANK(F86),ISBLANK(G86)),"",IF(F86=G86,E86,"")) | L86: =IF(OR(ISBLANK(F86),ISBLANK(G86)),"",IF(F86=G86,H86,"")) | M86: =IF(OR(ISBLANK(F86),ISBLANK(G86)),"",IF(F86<G86,E86,IF(G86<F86,H86,""))) -> Austria | O86: =+E85 -> Austria | P86: =+COUNTIF(J84:J89,"="&$O86) -> 2 | Q86: =+COUNTIF(K84:L89,"="&$O86) -> 0 | R86: =+COUNTIF(M84:M89,"="&$O86) -> 1 | S86: =+T86-U86 -> 2 | T86: =+SUMIF(E84:E89,$O86,F84:F89)+SUMIF(H84:H89,$O86,G84:G89) -> 4 | U86: =+SUMIF(E84:E89,$O86,G84:G89)+SUMIF(H84:H89,$O86,F84:F89) -> 2 | V86: =+P86*3+Q86*1+BT86+CN86+S86/1000+T86/10000+AV86/1000000+ROW()/10000000 -> 6.0024106 | W86: =+O86 -> Austria | Y86: =+CONCATENATE("3",RIGHT(E83,1)) -> 3J | Z86: =+VLOOKUP(AL86,V84:W87,2,FALSE) -> Argelia | AA86: =+SUM(AB86:AD86) -> 3 | AB86: =+_xlfn.XLOOKUP($Z86,$O:$O,P:P,"Error",0) -> 1 | AC86: =+_xlfn.XLOOKUP($Z86,$O:$O,Q:Q,"Error",0) -> 0 | AD86: =+_xlfn.XLOOKUP($Z86,$O:$O,R:R,"Error",0) -> 2 | AE86: =+_xlfn.XLOOKUP($Z86,$O:$O,S:S,"Error",0) -> -3 | AF86: =+_xlfn.XLOOKUP($Z86,$O:$O,T:T,"Error",0) -> 1 | AG86: =+_xlfn.XLOOKUP($Z86,$O:$O,U:U,"Error",0) -> 4 | AH86: =+_xlfn.XLOOKUP($Z86,$O:$O,V:V,"Error",0) -> 2.9971115 | AI86: =+(COUNTIFS($CV$2:$CV$13,Z86,$CX$2:$CX$13,"IN")+COUNTIFS($CV$2:$CV$13,Z86,$CW$2:$CW$13,"IN"))*IF(SUM(AA84:AA87)=12,1,0) -> 0 | AL86: =+LARGE(V84:V87,3) -> 2.9971115 | AM86: =+(AH86-AL86)*100000000000000000000 -> 0 | AP86: =+O86 -> Austria | AQ86: =+P86*3+Q86*1+BT86+CN86+S86/1000+T86/10000 -> 6.0024 | AR86: =+IF(OR(AQ86=AQ87),1) -> FALSE | AS86: =+AV86 -> 2 | AT86: =+IF(AND(AM88="si",OR(AR84=1,AR85=1,AR86=1)),1,0) -> 0 | AU86: =+O86 -> Austria | AV86: 2 | AX86: =+Y83 -> Grupo J | AY86: =+O86 -> Austria | AZ86: =+P86*3+Q86 -> 6 | BA86: =+COUNTIFS($AX$1:AX86,AX86,$AZ$1:AZ86,AZ86) -> 1 | BB86: =+IF(AZ86=BF82,ROW()*0.001,AZ86) -> 6 | BC86: =+COUNTIFS($AX$1:AZ86,AZ86,$AZ$1:BB86,BB86) -> 7 | BE86: =+IF(OR(BF86="-",BI86="-",BF82=0),"-","OK") -> #NAME? | BF86: {=+IF(_xludf.XLOOKUP($E86,$AY:$AY,$AZ:$AZ,"-",0)=BF82,$E86,"-")} -> #NAME? | BG86: =+$F86 -> 2 | BH86: =+$G86 -> 1 | BI86: {=+IF(_xludf.XLOOKUP($H86,$AY:$AY,$AZ:$AZ,"-",0)=BF82,$H86,"-")} -> #NAME? | BK86: =+O86 -> Austria | BL86: =+COUNTIFS($BE:$BE,"OK",$BI:$BI,BK86)+COUNTIFS($BE:$BE,"OK",$BF:$BF,BK86) -> 0 | BM86: =+COUNTIFS(J:J,$BK86,$BE:$BE,"OK") -> 0 | BN86: =+COUNTIFS(K:K,$BK86,$BE:$BE,"OK")+COUNTIFS(L:L,$BK86,$BE:$BE,"OK") -> 0 | BO86: =+COUNTIFS(M:M,$BK86,$BE:$BE,"OK") -> 0 | BP86: =+BQ86-BR86 -> 0 | BQ86: =+SUMIFS(BG:BG,$BE:$BE,"OK",BF:BF,$BK86)+SUMIFS(BH:BH,$BE:$BE,"OK",BI:BI,$BK86) -> 0 | BR86: =+SUMIFS(BH:BH,$BE:$BE,"OK",BF:BF,$BK86)+SUMIFS(BG:BG,$BE:$BE,"OK",BI:BI,$BK86) -> 0 | BS86: =+BM86*3+BN86*1+BP86/100+BQ86/10000 -> 0 | BT86: {=+IF(BL86=0,0,_xludf.XLOOKUP(BS86,BV84:BV87,BW84:BW87))} -> 0 | BV86: =+LARGE(BS84:BS87,3) -> 0 | BW86: =+BX86/$BW$1 -> 0.1 | BX86: 1 | BY86: =+IF(OR(BZ86="-",CC86="-"),"-","OK") -> #NAME? | BZ86: {=+IF(_xludf.XLOOKUP($E86,$AY:$AY,$AZ:$AZ,"-",0)=BZ82,$E86,"-")} -> #NAME? | CA86: =+$F86 -> 2 | CB86: =+$G86 -> 1 | CC86: {=+IF(_xludf.XLOOKUP($H86,$AY:$AY,$AZ:$AZ,"-",0)=BZ82,$H86,"-")} -> #NAME? | CE86: =+BK86 -> Austria | CF86: =+COUNTIFS($BY:$BY,"OK",$CC:$CC,CE86)+COUNTIFS($BY:$BY,"OK",$BZ:$BZ,CE86) -> 0 | CG86: =+COUNTIFS(P:P,$BK86,$BY:$BY,"OK") -> 0 | CH86: =+COUNTIFS(K:K,$BK86,$BY:$BY,"OK")+COUNTIFS(L:L,$BK86,$BY:$BY,"OK") -> 0 | CI86: =+COUNTIFS(M:M,$CE86,$BY:$BY,"OK") -> 0 | CJ86: =+CK86-CL86 -> 0 | CK86: =+SUMIFS(CA:CA,$BY:$BY,"OK",BZ:BZ,$BK86)+SUMIFS(CB:CB,$BY:$BY,"OK",CC:CC,$BK86) -> 0 | CL86: =+SUMIFS(CB:CB,$BY:$BY,"OK",BZ:BZ,$BK86)+SUMIFS(CA:CA,$BY:$BY,"OK",CC:CC,$BK86) -> 0 | CM86: =+CG86*3+CH86*1+CJ86/100+CK86/10000 -> 0 | CN86: {=+IF(CF86=0,0,_xludf.XLOOKUP(CM86,CP84:CP87,CQ84:CQ87))} -> 0 | CP86: =+LARGE(CM84:CM87,3) -> 0 | CQ86: =+CR86/$BW$1 -> 0.1 | CR86: 1
A87: GJ4 | B87: 46196 | E87: Jordania | F87: 0 | G87: 1 | H87: Argelia | J87: =IF(OR(ISBLANK(F87),ISBLANK(G87)),"",IF(F87>G87,E87,IF(G87>F87,H87,""))) -> Argelia | K87: =IF(OR(ISBLANK(F87),ISBLANK(G87)),"",IF(F87=G87,E87,"")) | L87: =IF(OR(ISBLANK(F87),ISBLANK(G87)),"",IF(F87=G87,H87,"")) | M87: =IF(OR(ISBLANK(F87),ISBLANK(G87)),"",IF(F87<G87,E87,IF(G87<F87,H87,""))) -> Jordania | O87: =+H85 -> Jordania | P87: =+COUNTIF(J84:J89,"="&$O87) -> 0 | Q87: =+COUNTIF(K84:L89,"="&$O87) -> 0 | R87: =+COUNTIF(M84:M89,"="&$O87) -> 3 | S87: =+T87-U87 -> -5 | T87: =+SUMIF(E84:E89,$O87,F84:F89)+SUMIF(H84:H89,$O87,G84:G89) -> 0 | U87: =+SUMIF(E84:E89,$O87,G84:G89)+SUMIF(H84:H89,$O87,F84:F89) -> 5 | V87: =+P87*3+Q87*1+BT87+CN87+S87/1000+T87/10000+AV87/1000000+ROW()/10000000 -> -0.0049873 | W87: =+O87 -> Jordania | Y87: =+CONCATENATE("4",RIGHT(E83,1)) -> 4J | Z87: =+VLOOKUP(AL87,V84:W87,2,FALSE) -> Jordania | AA87: =+SUM(AB87:AD87) -> 3 | AB87: =+_xlfn.XLOOKUP($Z87,$O:$O,P:P,"Error",0) -> 0 | AC87: =+_xlfn.XLOOKUP($Z87,$O:$O,Q:Q,"Error",0) -> 0 | AD87: =+_xlfn.XLOOKUP($Z87,$O:$O,R:R,"Error",0) -> 3 | AE87: =+_xlfn.XLOOKUP($Z87,$O:$O,S:S,"Error",0) -> -5 | AF87: =+_xlfn.XLOOKUP($Z87,$O:$O,T:T,"Error",0) -> 0 | AG87: =+_xlfn.XLOOKUP($Z87,$O:$O,U:U,"Error",0) -> 5 | AH87: =+_xlfn.XLOOKUP($Z87,$O:$O,V:V,"Error",0) -> -0.0049873 | AL87: =+LARGE(V84:V87,4) -> -0.0049873 | AM87: =+(AH87-AL87)*100000000000000000000 -> 0 | AP87: =+O87 -> Jordania | AQ87: =+P87*3+Q87*1+BT87+CN87+S87/1000+T87/10000 -> -0.005 | AS87: =+AV87 -> 4 | AT87: =+IF(AND(AM88="si",OR(AR84=1,AR85=1,AR86=1)),1,0) -> 0 | AU87: =+O87 -> Jordania | AV87: 4 | AX87: =+Y83 -> Grupo J | AY87: =+O87 -> Jordania | AZ87: =+P87*3+Q87 -> 0 | BA87: =+COUNTIFS($AX$1:AX87,AX87,$AZ$1:AZ87,AZ87) -> 1 | BB87: =+IF(AZ87=BF82,ROW()*0.001,AZ87) -> 0 | BC87: =+COUNTIFS($AX$1:AZ87,AZ87,$AZ$1:BB87,BB87) -> 9 | BE87: =+IF(OR(BF87="-",BI87="-",BF82=0),"-","OK") -> #NAME? | BF87: {=+IF(_xludf.XLOOKUP($E87,$AY:$AY,$AZ:$AZ,"-",0)=BF82,$E87,"-")} -> #NAME? | BG87: =+$F87 -> 0 | BH87: =+$G87 -> 1 | BI87: {=+IF(_xludf.XLOOKUP($H87,$AY:$AY,$AZ:$AZ,"-",0)=BF82,$H87,"-")} -> #NAME? | BK87: =+O87 -> Jordania | BL87: =+COUNTIFS($BE:$BE,"OK",$BI:$BI,BK87)+COUNTIFS($BE:$BE,"OK",$BF:$BF,BK87) -> 0 | BM87: =+COUNTIFS(J:J,$BK87,$BE:$BE,"OK") -> 0 | BN87: =+COUNTIFS(K:K,$BK87,$BE:$BE,"OK")+COUNTIFS(L:L,$BK87,$BE:$BE,"OK") -> 0 | BO87: =+COUNTIFS(M:M,$BK87,$BE:$BE,"OK") -> 0 | BP87: =+BQ87-BR87 -> 0 | BQ87: =+SUMIFS(BG:BG,$BE:$BE,"OK",BF:BF,$BK87)+SUMIFS(BH:BH,$BE:$BE,"OK",BI:BI,$BK87) -> 0 | BR87: =+SUMIFS(BH:BH,$BE:$BE,"OK",BF:BF,$BK87)+SUMIFS(BG:BG,$BE:$BE,"OK",BI:BI,$BK87) -> 0 | BS87: =+BM87*3+BN87*1+BP87/100+BQ87/10000 -> 0 | BT87: {=+IF(BL87=0,0,_xludf.XLOOKUP(BS87,BV84:BV87,BW84:BW87))} -> 0 | BV87: =+LARGE(BS84:BS87,4) -> 0 | BW87: =+BX87/$BW$1 -> 0 | BX87: 0 | BY87: =+IF(OR(BZ87="-",CC87="-"),"-","OK") -> #NAME? | BZ87: {=+IF(_xludf.XLOOKUP($E87,$AY:$AY,$AZ:$AZ,"-",0)=BZ82,$E87,"-")} -> #NAME? | CA87: =+$F87 -> 0 | CB87: =+$G87 -> 1 | CC87: {=+IF(_xludf.XLOOKUP($H87,$AY:$AY,$AZ:$AZ,"-",0)=BZ82,$H87,"-")} -> #NAME? | CE87: =+BK87 -> Jordania | CF87: =+COUNTIFS($BY:$BY,"OK",$CC:$CC,CE87)+COUNTIFS($BY:$BY,"OK",$BZ:$BZ,CE87) -> 0 | CG87: =+COUNTIFS(P:P,$BK87,$BY:$BY,"OK") -> 0 | CH87: =+COUNTIFS(K:K,$BK87,$BY:$BY,"OK")+COUNTIFS(L:L,$BK87,$BY:$BY,"OK") -> 0 | CI87: =+COUNTIFS(M:M,$CE87,$BY:$BY,"OK") -> 0 | CJ87: =+CK87-CL87 -> 0 | CK87: =+SUMIFS(CA:CA,$BY:$BY,"OK",BZ:BZ,$BK87)+SUMIFS(CB:CB,$BY:$BY,"OK",CC:CC,$BK87) -> 0 | CL87: =+SUMIFS(CB:CB,$BY:$BY,"OK",BZ:BZ,$BK87)+SUMIFS(CA:CA,$BY:$BY,"OK",CC:CC,$BK87) -> 0 | CM87: =+CG87*3+CH87*1+CJ87/100+CK87/10000 -> 0 | CN87: {=+IF(CF87=0,0,_xludf.XLOOKUP(CM87,CP84:CP87,CQ84:CQ87))} -> 0 | CP87: =+LARGE(CM84:CM87,4) -> 0 | CQ87: =+CR87/$BW$1 -> 0 | CR87: 0
A88: GJ5 | B88: 46200 | E88: Jordania | F88: 0 | G88: 2 | H88: Argentina | J88: =IF(OR(ISBLANK(F88),ISBLANK(G88)),"",IF(F88>G88,E88,IF(G88>F88,H88,""))) -> Argentina | K88: =IF(OR(ISBLANK(F88),ISBLANK(G88)),"",IF(F88=G88,E88,"")) | L88: =IF(OR(ISBLANK(F88),ISBLANK(G88)),"",IF(F88=G88,H88,"")) | M88: =IF(OR(ISBLANK(F88),ISBLANK(G88)),"",IF(F88<G88,E88,IF(G88<F88,H88,""))) -> Jordania | AL88: Completo? | AM88: =+IF(SUM(AA84:AA87)=12,"si","no") -> si | BE88: =+IF(OR(BF88="-",BI88="-",BF82=0),"-","OK") -> #NAME? | BF88: {=+IF(_xludf.XLOOKUP($E88,$AY:$AY,$AZ:$AZ,"-",0)=BF82,$E88,"-")} -> #NAME? | BG88: =+$F88 -> 0 | BH88: =+$G88 -> 2 | BI88: {=+IF(_xludf.XLOOKUP($H88,$AY:$AY,$AZ:$AZ,"-",0)=BF82,$H88,"-")} -> #NAME? | BY88: =+IF(OR(BZ88="-",CC88="-"),"-","OK") -> #NAME? | BZ88: {=+IF(_xludf.XLOOKUP($E88,$AY:$AY,$AZ:$AZ,"-",0)=BZ82,$E88,"-")} -> #NAME? | CA88: =+$F88 -> 0 | CB88: =+$G88 -> 2 | CC88: {=+IF(_xludf.XLOOKUP($H88,$AY:$AY,$AZ:$AZ,"-",0)=BZ82,$H88,"-")} -> #NAME?
A89: GJ6 | B89: 46200 | E89: Argelia | F89: 0 | G89: 1 | H89: Austria | J89: =IF(OR(ISBLANK(F89),ISBLANK(G89)),"",IF(F89>G89,E89,IF(G89>F89,H89,""))) -> Austria | K89: =IF(OR(ISBLANK(F89),ISBLANK(G89)),"",IF(F89=G89,E89,"")) | L89: =IF(OR(ISBLANK(F89),ISBLANK(G89)),"",IF(F89=G89,H89,"")) | M89: =IF(OR(ISBLANK(F89),ISBLANK(G89)),"",IF(F89<G89,E89,IF(G89<F89,H89,""))) -> Argelia | Y89: Hay equipos empatados: completar tabla para definir sorteo (valores del 1 al 4, el 4 pasa de ronda) | AR89: =+IF(AND(AM88="si",OR(AR84=1,AR85=1,AR86=1)),1,0) -> 0 | BE89: =+IF(OR(BF89="-",BI89="-",BF82=0),"-","OK") -> #NAME? | BF89: {=+IF(_xludf.XLOOKUP($E89,$AY:$AY,$AZ:$AZ,"-",0)=BF82,$E89,"-")} -> #NAME? | BG89: =+$F89 -> 0 | BH89: =+$G89 -> 1 | BI89: {=+IF(_xludf.XLOOKUP($H89,$AY:$AY,$AZ:$AZ,"-",0)=BF82,$H89,"-")} -> #NAME? | BY89: =+IF(OR(BZ89="-",CC89="-"),"-","OK") -> #NAME? | BZ89: {=+IF(_xludf.XLOOKUP($E89,$AY:$AY,$AZ:$AZ,"-",0)=BZ82,$E89,"-")} -> #NAME? | CA89: =+$F89 -> 0 | CB89: =+$G89 -> 1 | CC89: {=+IF(_xludf.XLOOKUP($H89,$AY:$AY,$AZ:$AZ,"-",0)=BZ82,$H89,"-")} -> #NAME?
BF91: =+IF(BA93>1,AZ93,IF(BA94>1,AZ94,IF(BA95>1,AZ95,IF(BA96>1,AZ96,"-")))) -> 7 | BW91: 10 | BZ91: =+IF(BC93>1,BB93,IF(BC94>1,BB94,IF(BC95>1,BB95,IF(BC96>1,BB96,"-")))) -> 0 | CQ91: 10
A92: Partido | B92: Fecha | C92: Sede | E92: Grupo K | J92: G | K92: E | L92: E | M92: P | O92: =+E92 -> Grupo K | P92: G | Q92: E | R92: P | S92: Dif | T92: G+ | U92: G- | V92: Ptos | Y92: Grupo K | AA92: J | AB92: G | AC92: E | AD92: P | AE92: Dif | AF92: G+ | AG92: G- | AH92: Ptos | AL92: Ptos | AM92: check | AY92: Empate 1 | AZ92: Ptos | BA92: Empate? | BL92: J | BM92: G | BN92: E | BO92: P | BP92: Dif | BQ92: G+ | BR92: G- | BS92: Ptos | BT92: Extra | BV92: Orden | BW92: Extra | CF92: J | CG92: G | CH92: E | CI92: P | CJ92: Dif | CK92: G+ | CL92: G- | CM92: Ptos | CN92: Extra | CP92: Orden | CQ92: Extra
A93: GK1 | B93: 46190 | E93: Portugal | F93: 3 | G93: 0 | H93: Congo | J93: =IF(OR(ISBLANK(F93),ISBLANK(G93)),"",IF(F93>G93,E93,IF(G93>F93,H93,""))) -> Portugal | K93: =IF(OR(ISBLANK(F93),ISBLANK(G93)),"",IF(F93=G93,E93,"")) | L93: =IF(OR(ISBLANK(F93),ISBLANK(G93)),"",IF(F93=G93,H93,"")) | M93: =IF(OR(ISBLANK(F93),ISBLANK(G93)),"",IF(F93<G93,E93,IF(G93<F93,H93,""))) -> Congo | O93: =+E93 -> Portugal | P93: =+COUNTIF(J93:J98,"="&$O93) -> 2 | Q93: =+COUNTIF(K93:L98,"="&$O93) -> 1 | R93: =+COUNTIF(M93:M98,"="&$O93) -> 0 | S93: =+T93-U93 -> 5 | T93: =+SUMIF(E93:E98,$O93,F93:F98)+SUMIF(H93:H98,$O93,G93:G98) -> 7 | U93: =+SUMIF(E93:E98,$O93,G93:G98)+SUMIF(H93:H98,$O93,F93:F98) -> 2 | V93: =+P93*3+Q93*1+BT93+CN93+S93/1000+T93/10000+AV93/1000000+ROW()/10000000 -> 7.0057093 | W93: =+O93 -> Portugal | Y93: =+CONCATENATE("1",RIGHT(E92,1)) -> 1K | Z93: =+VLOOKUP(AL93,V93:W96,2,FALSE) -> Portugal | AA93: =+SUM(AB93:AD93) -> 3 | AB93: =+_xlfn.XLOOKUP($Z93,$O:$O,P:P,"Error",0) -> 2 | AC93: =+_xlfn.XLOOKUP($Z93,$O:$O,Q:Q,"Error",0) -> 1 | AD93: =+_xlfn.XLOOKUP($Z93,$O:$O,R:R,"Error",0) -> 0 | AE93: =+_xlfn.XLOOKUP($Z93,$O:$O,S:S,"Error",0) -> 5 | AF93: =+_xlfn.XLOOKUP($Z93,$O:$O,T:T,"Error",0) -> 7 | AG93: =+_xlfn.XLOOKUP($Z93,$O:$O,U:U,"Error",0) -> 2 | AH93: =+_xlfn.XLOOKUP($Z93,$O:$O,V:V,"Error",0) -> 7.0057093 | AL93: =+LARGE(V93:V96,1) -> 7.0057093 | AM93: =+(AH93-AL93)*100000000000000000000 -> 0 | AP93: =+O93 -> Portugal | AQ93: =+P93*3+Q93*1+BT93+CN93+S93/1000+T93/10000 -> 7.0057 | AR93: =+IF(OR(AQ93=AQ94,AQ93=AQ95,AQ93=AQ96),1) -> FALSE | AS93: =+AV93 -> 0 | AT93: =+IF(AND(AM97="si",OR(AR93=1,AR94=1,AR95=1)),1,0) -> 0 | AU93: =+O93 -> Portugal | AX93: =+Y92 -> Grupo K | AY93: =+O93 -> Portugal | AZ93: =+P93*3+Q93 -> 7 | BA93: =+COUNTIFS($AX$1:AX93,AX93,$AZ$1:AZ93,AZ93) -> 1 | BB93: =+IF(AZ93=BF91,ROW()*0.001,AZ93) -> 0.093 | BC93: =+COUNTIFS($AX$1:AZ93,AZ93,$AZ$1:BB93,BB93) -> 1 | BE93: =+IF(OR(BF93="-",BI93="-",BF91=0),"-","OK") -> #NAME? | BF93: {=+IF(_xludf.XLOOKUP($E93,$AY:$AY,$AZ:$AZ,"-",0)=BF91,$E93,"-")} -> #NAME? | BG93: =+$F93 -> 3 | BH93: =+$G93 -> 0 | BI93: {=+IF(_xludf.XLOOKUP($H93,$AY:$AY,$AZ:$AZ,"-",0)=BF91,$H93,"-")} -> #NAME? | BK93: =+O93 -> Portugal | BL93: =+COUNTIFS($BE:$BE,"OK",$BI:$BI,BK93)+COUNTIFS($BE:$BE,"OK",$BF:$BF,BK93) -> 0 | BM93: =+COUNTIFS(J:J,$BK93,$BE:$BE,"OK") -> 0 | BN93: =+COUNTIFS(K:K,$BK93,$BE:$BE,"OK")+COUNTIFS(L:L,$BK93,$BE:$BE,"OK") -> 0 | BO93: =+COUNTIFS(M:M,$BK93,$BE:$BE,"OK") -> 0 | BP93: =+BQ93-BR93 -> 0 | BQ93: =+SUMIFS(BG:BG,$BE:$BE,"OK",BF:BF,$BK93)+SUMIFS(BH:BH,$BE:$BE,"OK",BI:BI,$BK93) -> 0 | BR93: =+SUMIFS(BH:BH,$BE:$BE,"OK",BF:BF,$BK93)+SUMIFS(BG:BG,$BE:$BE,"OK",BI:BI,$BK93) -> 0 | BS93: =+BM93*3+BN93*1+BP93/100+BQ93/10000 -> 0 | BT93: {=+IF(BL93=0,0,_xludf.XLOOKUP(BS93,BV93:BV96,BW93:BW96))} -> 0 | BV93: =+LARGE(BS93:BS96,1) -> 0 | BW93: =+BX93/$BW$1 -> 0.3 | BX93: 3 | BY93: =+IF(OR(BZ93="-",CC93="-"),"-","OK") -> #NAME? | BZ93: {=+IF(_xludf.XLOOKUP($E93,$AY:$AY,$AZ:$AZ,"-",0)=BZ91,$E93,"-")} -> #NAME? | CA93: =+$F93 -> 3 | CB93: =+$G93 -> 0 | CC93: {=+IF(_xludf.XLOOKUP($H93,$AY:$AY,$AZ:$AZ,"-",0)=BZ91,$H93,"-")} -> #NAME? | CE93: =+BK93 -> Portugal | CF93: =+COUNTIFS($BY:$BY,"OK",$CC:$CC,CE93)+COUNTIFS($BY:$BY,"OK",$BZ:$BZ,CE93) -> 0 | CG93: =+COUNTIFS(P:P,$BK93,$BY:$BY,"OK") -> 0 | CH93: =+COUNTIFS(K:K,$BK93,$BY:$BY,"OK")+COUNTIFS(L:L,$BK93,$BY:$BY,"OK") -> 0 | CI93: =+COUNTIFS(M:M,$CE93,$BY:$BY,"OK") -> 0 | CJ93: =+CK93-CL93 -> 0 | CK93: =+SUMIFS(CA:CA,$BY:$BY,"OK",BZ:BZ,$BK93)+SUMIFS(CB:CB,$BY:$BY,"OK",CC:CC,$BK93) -> 0 | CL93: =+SUMIFS(CB:CB,$BY:$BY,"OK",BZ:BZ,$BK93)+SUMIFS(CA:CA,$BY:$BY,"OK",CC:CC,$BK93) -> 0 | CM93: =+CG93*3+CH93*1+CJ93/100+CK93/10000 -> 0 | CN93: {=+IF(CF93=0,0,_xludf.XLOOKUP(CM93,CP93:CP96,CQ93:CQ96))} -> 0 | CP93: =+LARGE(CM93:CM96,1) -> 0 | CQ93: =+CR93/$BW$1 -> 0.3 | CR93: 3
A94: GK2 | B94: 46190 | E94: Uzbekistan | F94: 0 | G94: 2 | H94: Colombia | J94: =IF(OR(ISBLANK(F94),ISBLANK(G94)),"",IF(F94>G94,E94,IF(G94>F94,H94,""))) -> Colombia | K94: =IF(OR(ISBLANK(F94),ISBLANK(G94)),"",IF(F94=G94,E94,"")) | L94: =IF(OR(ISBLANK(F94),ISBLANK(G94)),"",IF(F94=G94,H94,"")) | M94: =IF(OR(ISBLANK(F94),ISBLANK(G94)),"",IF(F94<G94,E94,IF(G94<F94,H94,""))) -> Uzbekistan | O94: =+H93 -> Congo | P94: =+COUNTIF(J93:J98,"="&$O94) -> 0 | Q94: =+COUNTIF(K93:L98,"="&$O94) -> 0 | R94: =+COUNTIF(M93:M98,"="&$O94) -> 3 | S94: =+T94-U94 -> -6 | T94: =+SUMIF(E93:E98,$O94,F93:F98)+SUMIF(H93:H98,$O94,G93:G98) -> 0 | U94: =+SUMIF(E93:E98,$O94,G93:G98)+SUMIF(H93:H98,$O94,F93:F98) -> 6 | V94: =+P94*3+Q94*1+BT94+CN94+S94/1000+T94/10000+AV94/1000000+ROW()/10000000 -> -0.0059906 | W94: =+O94 -> Congo | Y94: =+CONCATENATE("2",RIGHT(E92,1)) -> 2K | Z94: =+VLOOKUP(AL94,V93:W96,2,FALSE) -> Colombia | AA94: =+SUM(AB94:AD94) -> 3 | AB94: =+_xlfn.XLOOKUP($Z94,$O:$O,P:P,"Error",0) -> 2 | AC94: =+_xlfn.XLOOKUP($Z94,$O:$O,Q:Q,"Error",0) -> 1 | AD94: =+_xlfn.XLOOKUP($Z94,$O:$O,R:R,"Error",0) -> 0 | AE94: =+_xlfn.XLOOKUP($Z94,$O:$O,S:S,"Error",0) -> 4 | AF94: =+_xlfn.XLOOKUP($Z94,$O:$O,T:T,"Error",0) -> 6 | AG94: =+_xlfn.XLOOKUP($Z94,$O:$O,U:U,"Error",0) -> 2 | AH94: =+_xlfn.XLOOKUP($Z94,$O:$O,V:V,"Error",0) -> 7.0046096 | AL94: =+LARGE(V93:V96,2) -> 7.0046096 | AM94: =+(AH94-AL94)*100000000000000000000 -> 0 | AP94: =+O94 -> Congo | AQ94: =+P94*3+Q94*1+BT94+CN94+S94/1000+T94/10000 -> -0.006 | AR94: =+IF(OR(AQ94=AQ95,AQ94=AQ96),1) -> FALSE | AS94: =+AV94 -> 0 | AT94: =+IF(AND(AM97="si",OR(AR93=1,AR94=1,AR95=1)),1,0) -> 0 | AU94: =+O94 -> Congo | AX94: =+Y92 -> Grupo K | AY94: =+O94 -> Congo | AZ94: =+P94*3+Q94 -> 0 | BA94: =+COUNTIFS($AX$1:AX94,AX94,$AZ$1:AZ94,AZ94) -> 1 | BB94: =+IF(AZ94=BF91,ROW()*0.001,AZ94) -> 0 | BC94: =+COUNTIFS($AX$1:AZ94,AZ94,$AZ$1:BB94,BB94) -> 10 | BE94: =+IF(OR(BF94="-",BI94="-",BF91=0),"-","OK") -> #NAME? | BF94: {=+IF(_xludf.XLOOKUP($E94,$AY:$AY,$AZ:$AZ,"-",0)=BF91,$E94,"-")} -> #NAME? | BG94: =+$F94 -> 0 | BH94: =+$G94 -> 2 | BI94: {=+IF(_xludf.XLOOKUP($H94,$AY:$AY,$AZ:$AZ,"-",0)=BF91,$H94,"-")} -> #NAME? | BK94: =+O94 -> Congo | BL94: =+COUNTIFS($BE:$BE,"OK",$BI:$BI,BK94)+COUNTIFS($BE:$BE,"OK",$BF:$BF,BK94) -> 0 | BM94: =+COUNTIFS(J:J,$BK94,$BE:$BE,"OK") -> 0 | BN94: =+COUNTIFS(K:K,$BK94,$BE:$BE,"OK")+COUNTIFS(L:L,$BK94,$BE:$BE,"OK") -> 0 | BO94: =+COUNTIFS(M:M,$BK94,$BE:$BE,"OK") -> 0 | BP94: =+BQ94-BR94 -> 0 | BQ94: =+SUMIFS(BG:BG,$BE:$BE,"OK",BF:BF,$BK94)+SUMIFS(BH:BH,$BE:$BE,"OK",BI:BI,$BK94) -> 0 | BR94: =+SUMIFS(BH:BH,$BE:$BE,"OK",BF:BF,$BK94)+SUMIFS(BG:BG,$BE:$BE,"OK",BI:BI,$BK94) -> 0 | BS94: =+BM94*3+BN94*1+BP94/100+BQ94/10000 -> 0 | BT94: {=+IF(BL94=0,0,_xludf.XLOOKUP(BS94,BV93:BV96,BW93:BW96))} -> 0 | BV94: =+LARGE(BS93:BS96,2) -> 0 | BW94: =+BX94/$BW$1 -> 0.2 | BX94: 2 | BY94: =+IF(OR(BZ94="-",CC94="-"),"-","OK") -> #NAME? | BZ94: {=+IF(_xludf.XLOOKUP($E94,$AY:$AY,$AZ:$AZ,"-",0)=BZ91,$E94,"-")} -> #NAME? | CA94: =+$F94 -> 0 | CB94: =+$G94 -> 2 | CC94: {=+IF(_xludf.XLOOKUP($H94,$AY:$AY,$AZ:$AZ,"-",0)=BZ91,$H94,"-")} -> #NAME? | CE94: =+BK94 -> Congo | CF94: =+COUNTIFS($BY:$BY,"OK",$CC:$CC,CE94)+COUNTIFS($BY:$BY,"OK",$BZ:$BZ,CE94) -> 0 | CG94: =+COUNTIFS(P:P,$BK94,$BY:$BY,"OK") -> 0 | CH94: =+COUNTIFS(K:K,$BK94,$BY:$BY,"OK")+COUNTIFS(L:L,$BK94,$BY:$BY,"OK") -> 0 | CI94: =+COUNTIFS(M:M,$CE94,$BY:$BY,"OK") -> 0 | CJ94: =+CK94-CL94 -> 0 | CK94: =+SUMIFS(CA:CA,$BY:$BY,"OK",BZ:BZ,$BK94)+SUMIFS(CB:CB,$BY:$BY,"OK",CC:CC,$BK94) -> 0 | CL94: =+SUMIFS(CB:CB,$BY:$BY,"OK",BZ:BZ,$BK94)+SUMIFS(CA:CA,$BY:$BY,"OK",CC:CC,$BK94) -> 0 | CM94: =+CG94*3+CH94*1+CJ94/100+CK94/10000 -> 0 | CN94: {=+IF(CF94=0,0,_xludf.XLOOKUP(CM94,CP93:CP96,CQ93:CQ96))} -> 0 | CP94: =+LARGE(CM93:CM96,2) -> 0 | CQ94: =+CR94/$BW$1 -> 0.2 | CR94: 2
